-- phpMyAdmin SQL Dump
-- version 4.0.10.18
-- https://www.phpmyadmin.net
--
-- Host: localhost:3306
-- Generation Time: Aug 09, 2017 at 08:20 PM
-- Server version: 5.6.35-cll-lve
-- PHP Version: 5.6.30

SET SQL_MODE = "NO_AUTO_VALUE_ON_ZERO";
SET time_zone = "+00:00";


/*!40101 SET @OLD_CHARACTER_SET_CLIENT=@@CHARACTER_SET_CLIENT */;
/*!40101 SET @OLD_CHARACTER_SET_RESULTS=@@CHARACTER_SET_RESULTS */;
/*!40101 SET @OLD_COLLATION_CONNECTION=@@COLLATION_CONNECTION */;
/*!40101 SET NAMES utf8 */;

--
-- Database: `old_ojovoz`
--

-- --------------------------------------------------------

--
-- Table structure for table `attachment`
--

CREATE TABLE IF NOT EXISTS `attachment` (
  `attachment_id` bigint(20) unsigned NOT NULL AUTO_INCREMENT,
  `message_id` bigint(20) unsigned NOT NULL DEFAULT '0',
  `filename` text NOT NULL,
  `content_type` varchar(100) NOT NULL DEFAULT '0',
  `original_filename` varchar(255) NOT NULL DEFAULT '',
  `image_width` smallint(6) NOT NULL DEFAULT '0',
  `image_height` smallint(6) NOT NULL DEFAULT '0',
  `latitude` varchar(20) NOT NULL DEFAULT '',
  `longitude` varchar(20) NOT NULL DEFAULT '',
  `gsm_info` varchar(30) NOT NULL DEFAULT '',
  `date_time` varchar(255) NOT NULL DEFAULT '',
  `map_address` varchar(255) NOT NULL DEFAULT '',
  `map_filename` varchar(200) NOT NULL DEFAULT '',
  `is_published` tinyint(1) unsigned NOT NULL DEFAULT '1',
  PRIMARY KEY (`attachment_id`)
) ENGINE=MyISAM  DEFAULT CHARSET=latin1 COMMENT='attachments de los mensajes' AUTO_INCREMENT=6654 ;

--
-- Dumping data for table `attachment`
--

INSERT INTO `attachment` (`attachment_id`, `message_id`, `filename`, `content_type`, `original_filename`, `image_width`, `image_height`, `latitude`, `longitude`, `gsm_info`, `date_time`, `map_address`, `map_filename`, `is_published`) VALUES
(1445, 734, '01/image/image143.jpg', '1', '', 2048, 1536, '', '', '', '', '', '', 1),
(1446, 734, '01/sound/sound144.mp3', '2', '', 0, 0, '', '', '', '', '', '', 1),
(1444, 733, '01/sound/sound142.mp3', '2', '', 0, 0, '', '', '', '', '', '', 1),
(1311, 667, '01/image/image9.jpg', '1', '', 3264, 2448, '3.3443733333333334', '-76.58719166666667', '', '', '', '', 1),
(1312, 667, '01/sound/sound10.mp3', '2', '', 0, 0, '3.3443733333333334', '-76.58719166666667', '', '', '', '', 1),
(1313, 668, '01/image/image11.jpg', '1', '', 3264, 2448, '3.3443833333333335', '-76.58706166666666', '', '', '', '', 1),
(1314, 668, '01/sound/sound12.mp3', '2', '', 0, 0, '3.3443833333333335', '-76.58706166666666', '', '', '', '', 1),
(1315, 669, '01/image/image13.jpg', '1', '', 3264, 2448, '3.3443883333333333', '-76.587125', '', '', '', '', 1),
(1316, 669, '01/sound/sound14.mp3', '2', '', 0, 0, '3.3443883333333333', '-76.587125', '', '', '', '', 1),
(1449, 736, '01/image/image147.jpg', '1', '', 1536, 2048, '', '', '', '', '', '', 1),
(1448, 735, '01/sound/sound146.mp3', '2', '', 0, 0, '', '', '', '', '', '', 1),
(1447, 735, '01/image/image145.jpg', '1', '', 2048, 1536, '', '', '', '', '', '', 1),
(1330, 676, '01/sound/sound28.mp3', '2', '', 0, 0, '3.3439626088288765', '-76.59113556146622', '', '', '', '', 1),
(1328, 675, '01/sound/sound26.mp3', '2', '', 0, 0, '3.3439759970395957', '-76.5911328792572', '', '', '', '', 1),
(1329, 676, '01/image/image27.jpg', '1', '', 3264, 2448, '3.3439626088288765', '-76.59113556146622', '', '', '', '', 1),
(1422, 722, '01/sound/sound120.mp3', '2', '01/sound/sound120.mp3', 0, 0, '', '', '', '', '', '', 1),
(1327, 675, '01/image/image25.jpg', '1', '', 3264, 2448, '3.3439759970395957', '-76.5911328792572', '', '', '', '', 1),
(1331, 677, '01/image/image29.jpg', '1', '', 3264, 2448, '', '', '', '', '', '', 1),
(1332, 677, '01/sound/sound30.mp3', '2', '', 0, 0, '', '', '', '', '', '', 1),
(1421, 722, '01/image/image119.jpg', '1', '01/image/image119.jpg', 1536, 2048, '', '', '', '', '', '', 1),
(1335, 679, '01/image/image33.jpg', '1', '', 1536, 2048, '3.3442299999999996', '-76.59121', '', '', '', '', 1),
(1336, 679, '01/sound/sound34.mp3', '2', '', 0, 0, '3.3442299999999996', '-76.59121', '', '', '', '', 1),
(1337, 680, '01/image/image35.jpg', '1', '', 2048, 1536, '3.3440783333333335', '-76.59114500000001', '', '', '', '', 1),
(1338, 680, '01/sound/sound36.mp3', '2', '', 0, 0, '3.3440783333333335', '-76.59114500000001', '', '', '', '', 1),
(1339, 681, '01/image/image37.jpg', '1', '', 2048, 1536, '3.3440116666666664', '-76.59101666666668', '', '', '', '', 1),
(1340, 681, '01/sound/sound38.mp3', '2', '', 0, 0, '3.3440116666666664', '-76.59101666666668', '', '', '', '', 1),
(1443, 733, '01/image/image141.jpg', '1', '', 1536, 2048, '', '', '', '', '', '', 1),
(1442, 732, '01/sound/sound140.mp3', '2', '', 0, 0, '', '', '', '', '', '', 1),
(1441, 732, '01/image/image139.jpg', '1', '', 1536, 2048, '', '', '', '', '', '', 1),
(1440, 731, '01/sound/sound138.mp3', '2', '', 0, 0, '', '', '', '', '', '', 1),
(1431, 727, '01/image/image129.jpg', '1', '', 1536, 2048, '', '', '', '', '', '', 1),
(1432, 727, '01/sound/sound130.mp3', '2', '', 0, 0, '', '', '', '', '', '', 1),
(1433, 728, '01/image/image131.jpg', '1', '', 1536, 2048, '', '', '', '', '', '', 1),
(1434, 728, '01/sound/sound132.mp3', '2', '', 0, 0, '', '', '', '', '', '', 1),
(1435, 729, '01/image/image133.jpg', '1', '', 1536, 2048, '', '', '', '', '', '', 1),
(1436, 729, '01/sound/sound134.mp3', '2', '', 0, 0, '', '', '', '', '', '', 1),
(1437, 730, '01/image/image135.jpg', '1', '', 1536, 2048, '', '', '', '', '', '', 1),
(1438, 730, '01/sound/sound136.mp3', '2', '', 0, 0, '', '', '', '', '', '', 1),
(1439, 731, '01/image/image137.jpg', '1', '', 1536, 2048, '', '', '', '', '', '', 1),
(1351, 687, '01/image/image1440183277.jpg', '1', '', 2048, 1536, '3.343926666666667', '-76.591065', '', '', '', '', 1),
(1352, 687, '01/sound/sound50.mp3', '2', '', 0, 0, '3.343926666666667', '-76.591065', '', '', '', '', 1),
(1353, 688, '01/image/image51.jpg', '1', '', 1536, 2048, '3.3440700000000003', '-76.59107999999999', '', '', '', '', 1),
(1354, 688, '01/sound/sound52.mp3', '2', '', 0, 0, '3.3440700000000003', '-76.59107999999999', '', '', '', '', 1),
(1355, 689, '01/image/image1440183239.jpg', '1', '', 2048, 1536, '3.3440516666666666', '-76.590985', '', '', '', '', 1),
(1356, 689, '01/sound/sound54.mp3', '2', '', 0, 0, '3.3440516666666666', '-76.590985', '', '', '', '', 1),
(1429, 726, '01/image/image127.jpg', '1', '', 1536, 2048, '3.3264483333333335', '-76.61900833333334', '', '', '', '', 1),
(1430, 726, '01/sound/sound128.mp3', '2', '', 0, 0, '3.3264483333333335', '-76.61900833333334', '', '', '', '', 1),
(1428, 725, '01/sound/sound126.mp3', '2', '', 0, 0, '3.343956666666667', '-76.59111', '', '', '', '', 1),
(1427, 725, '01/image/image125.jpg', '1', '', 1536, 2048, '3.343956666666667', '-76.59111', '', '', '', '', 1),
(1365, 694, '01/image/image63.jpg', '1', '', 2048, 1536, '3.3440333333333334', '-76.59116833333333', '', '', '', '', 1),
(1366, 694, '01/sound/sound64.mp3', '2', '', 0, 0, '3.3440333333333334', '-76.59116833333333', '', '', '', '', 1),
(1367, 695, '01/image/image65.jpg', '1', '', 2048, 1536, '3.345823333333333', '-76.58923499999999', '', '', '', '', 1),
(1368, 695, '01/sound/sound66.mp3', '2', '', 0, 0, '3.345823333333333', '-76.58923499999999', '', '', '', '', 1),
(1369, 696, '01/image/image67.jpg', '1', '', 2048, 1536, '3.344298333333333', '-76.59152166666667', '', '', '', '', 1),
(1370, 696, '01/sound/sound68.mp3', '2', '', 0, 0, '3.344298333333333', '-76.59152166666667', '', '', '', '', 1),
(1371, 697, '01/image/image69.jpg', '1', '', 2048, 1536, '3.3434050000000006', '-76.59290333333334', '', '', '', '', 1),
(1372, 697, '01/sound/sound70.mp3', '2', '', 0, 0, '3.3434050000000006', '-76.59290333333334', '', '', '', '', 1),
(1373, 698, '01/image/image71.jpg', '1', '', 2048, 1536, '3.33904', '-76.59625666666668', '', '', '', '', 1),
(1374, 698, '01/sound/sound72.mp3', '2', '', 0, 0, '3.33904', '-76.59625666666668', '', '', '', '', 1),
(1375, 699, '01/image/image73.jpg', '1', '', 2048, 1536, '3.3377333333333334', '-76.59846333333333', '', '', '', '', 1),
(1376, 699, '01/sound/sound74.mp3', '2', '', 0, 0, '3.3377333333333334', '-76.59846333333333', '', '', '', '', 1),
(1377, 700, '01/image/image75.jpg', '1', '', 2048, 1536, '3.3286633333333335', '-76.634695', '', '', '', '', 1),
(1378, 700, '01/sound/sound76.mp3', '2', '', 0, 0, '3.3286633333333335', '-76.634695', '', '', '', '', 1),
(1379, 701, '01/image/image77.jpg', '1', '', 2048, 1536, '3.3284316666666665', '-76.63458', '', '', '', '', 1),
(1380, 701, '01/sound/sound78.mp3', '2', '', 0, 0, '3.3284316666666665', '-76.63458', '', '', '', '', 1),
(1381, 702, '01/image/image79.jpg', '1', '', 2048, 1536, '3.3284116666666668', '-76.63461000000001', '', '', '', '', 1),
(1382, 702, '01/sound/sound80.mp3', '2', '', 0, 0, '3.3284116666666668', '-76.63461000000001', '', '', '', '', 1),
(1383, 703, '01/image/image81.jpg', '1', '', 1536, 2048, '3.3284116666666668', '-76.63461000000001', '', '', '', '', 1),
(1384, 703, '01/sound/sound82.mp3', '2', '', 0, 0, '3.3284116666666668', '-76.63461000000001', '', '', '', '', 1),
(1385, 704, '01/image/image83.jpg', '1', '', 2048, 1536, '3.328465', '-76.63458166666666', '', '', '', '', 1),
(1386, 704, '01/sound/sound84.mp3', '2', '', 0, 0, '3.328465', '-76.63458166666666', '', '', '', '', 1),
(1387, 705, '01/image/image85.jpg', '1', '', 2048, 1536, '3.3299266666666663', '-76.63473833333335', '', '', '', '', 1),
(1388, 705, '01/sound/sound86.mp3', '2', '', 0, 0, '3.3299266666666663', '-76.63473833333335', '', '', '', '', 1),
(1389, 706, '01/image/image87.jpg', '1', '', 1536, 2048, '3.3298849999999995', '-76.63421833333334', '', '', '', '', 1),
(1390, 706, '01/sound/sound88.mp3', '2', '', 0, 0, '3.3298849999999995', '-76.63421833333334', '', '', '', '', 1),
(1391, 707, '01/image/image89.jpg', '1', '', 2048, 1536, '3.3299366666666668', '-76.63456333333333', '', '', '', '', 1),
(1392, 707, '01/sound/sound90.mp3', '2', '', 0, 0, '3.3299366666666668', '-76.63456333333333', '', '', '', '', 1),
(1393, 708, '01/image/image91.jpg', '1', '', 1536, 2048, '3.328591666666667', '-76.63462166666666', '', '', '', '', 1),
(1394, 708, '01/sound/sound92.mp3', '2', '', 0, 0, '3.328591666666667', '-76.63462166666666', '', '', '', '', 1),
(1395, 709, '01/image/image93.jpg', '1', '', 1536, 2048, '3.3286333333333338', '-76.634615', '', '', '', '', 1),
(1396, 709, '01/sound/sound94.mp3', '2', '', 0, 0, '3.3286333333333338', '-76.634615', '', '', '', '', 1),
(1397, 710, '01/image/image95.jpg', '1', '', 1536, 2048, '3.3285899999999997', '-76.63458333333332', '', '', '', '', 1),
(1398, 710, '01/sound/sound96.mp3', '2', '', 0, 0, '3.3285899999999997', '-76.63458333333332', '', '', '', '', 1),
(1399, 711, '01/image/image97.jpg', '1', '', 2048, 1536, '3.3287033333333333', '-76.63497666666667', '', '', '', '', 1),
(1400, 711, '01/sound/sound98.mp3', '2', '', 0, 0, '3.3287033333333333', '-76.63497666666667', '', '', '', '', 1),
(1401, 712, '01/image/image99.jpg', '1', '', 2048, 1536, '3.32754', '-76.64420333333334', '', '', '', '', 1),
(1402, 712, '01/sound/sound100.mp3', '2', '', 0, 0, '3.32754', '-76.64420333333334', '', '', '', '', 1),
(1403, 713, '01/image/image101.jpg', '1', '', 2048, 1536, '3.3274316666666666', '-76.64451166666666', '', '', '', '', 1),
(1404, 713, '01/sound/sound102.mp3', '2', '', 0, 0, '3.3274316666666666', '-76.64451166666666', '', '', '', '', 1),
(1405, 714, '01/image/image103.jpg', '1', '', 2048, 1536, '3.327448333333334', '-76.64456333333332', '', '', '', '', 1),
(1406, 714, '01/sound/sound104.mp3', '2', '', 0, 0, '3.327448333333334', '-76.64456333333332', '', '', '', '', 1),
(1407, 715, '01/image/image105.jpg', '1', '', 1536, 2048, '', '', '', '', '', '', 1),
(1408, 715, '01/sound/sound106.mp3', '2', '', 0, 0, '', '', '', '', '', '', 1),
(1409, 716, '01/image/image107.jpg', '1', '', 2048, 1536, '3.3245866666666664', '-76.63123833333334', '', '', '', '', 1),
(1410, 716, '01/sound/sound108.mp3', '2', '', 0, 0, '3.3245866666666664', '-76.63123833333334', '', '', '', '', 1),
(1411, 717, '01/image/image109.jpg', '1', '', 2048, 1536, '3.3341883333333335', '-76.60596166666666', '', '', '', '', 1),
(1412, 717, '01/sound/sound110.mp3', '2', '', 0, 0, '3.3341883333333335', '-76.60596166666666', '', '', '', '', 1),
(1420, 721, '01/sound/sound118.mp3', '2', '01/sound/sound118.mp3', 0, 0, '', '', '', '', '', '', 1),
(1419, 721, '01/image/image117.jpg', '1', '01/image/image117.jpg', 1536, 2048, '', '', '', '', '', '', 1),
(1415, 719, '01/image/image113.jpg', '1', '', 2048, 1536, '3.3423166666666666', '-76.58351666666667', '', '', '', '', 1),
(1416, 719, '01/sound/sound114.mp3', '2', '', 0, 0, '3.3423166666666666', '-76.58351666666667', '', '', '', '', 1),
(1417, 720, '01/image/image115.jpg', '1', '', 1536, 2048, '3.34567', '-76.59153666666666', '', '', '', '', 1),
(1418, 720, '01/sound/sound116.mp3', '2', '', 0, 0, '3.34567', '-76.59153666666666', '', '', '', '', 1),
(1450, 736, '01/sound/sound148.mp3', '2', '', 0, 0, '', '', '', '', '', '', 1),
(1451, 737, '01/image/image149.jpg', '1', '', 2048, 1536, '', '', '', '', '', '', 1),
(1452, 737, '01/sound/sound150.mp3', '2', '', 0, 0, '', '', '', '', '', '', 1),
(1453, 738, '01/image/image151.jpg', '1', '', 2560, 1440, '3.3439300000000003', '-76.59109666666667', '', '', '', '', 1),
(1454, 738, '01/sound/sound152.mp3', '2', '', 0, 0, '3.3439300000000003', '-76.59109666666667', '', '', '', '', 1),
(1455, 739, '01/image/image153.jpg', '1', '', 2560, 1440, '3.3439933333333327', '-76.591175', '', '', '', '', 1),
(1456, 739, '01/sound/sound154.mp3', '2', '', 0, 0, '3.3439933333333327', '-76.591175', '', '', '', '', 1),
(1457, 740, '01/image/image155.jpg', '1', '', 1536, 2048, '3.3439683333333337', '-76.59174166666666', '', '', '', '', 1),
(1458, 740, '01/sound/sound156.mp3', '2', '', 0, 0, '3.3439683333333337', '-76.59174166666666', '', '', '', '', 1),
(1459, 741, '01/image/image157.jpg', '1', '', 1536, 2048, '3.3331633333333333', '-76.60749000000001', '', '', '', '', 1),
(1460, 741, '01/sound/sound158.mp3', '2', '', 0, 0, '3.3331633333333333', '-76.60749000000001', '', '', '', '', 1),
(1461, 742, '01/image/image159.jpg', '1', '', 1536, 2048, '3.3330383333333335', '-76.60751', '', '', '', '', 1),
(1462, 742, '01/sound/sound160.mp3', '2', '', 0, 0, '3.3330383333333335', '-76.60751', '', '', '', '', 1),
(1463, 743, '01/image/image161.jpg', '1', '', 1536, 2048, '3.3331250000000003', '-76.60754333333333', '', '', '', '', 1),
(1464, 743, '01/sound/sound162.mp3', '2', '', 0, 0, '3.3331250000000003', '-76.60754333333333', '', '', '', '', 1),
(1465, 744, '01/image/image163.jpg', '1', '', 1536, 2048, '3.333166666666667', '-76.60754', '', '', '', '', 1),
(1466, 744, '01/sound/sound164.mp3', '2', '', 0, 0, '3.333166666666667', '-76.60754', '', '', '', '', 1),
(1467, 745, '01/image/image165.jpg', '1', '', 1536, 2048, '3.3330800000000003', '-76.60750166666666', '', '', '', '', 1),
(1468, 745, '01/sound/sound166.mp3', '2', '', 0, 0, '3.3330800000000003', '-76.60750166666666', '', '', '', '', 1),
(1469, 746, '01/image/image167.jpg', '1', '', 2048, 1536, '3.3330533333333334', '-76.60749000000001', '', '', '', '', 1),
(1470, 746, '01/sound/sound168.mp3', '2', '', 0, 0, '3.3330533333333334', '-76.60749000000001', '', '', '', '', 1),
(1476, 749, '01/sound/sound174.mp3', '2', '', 0, 0, '3.40571699', '-76.53868686', '', '', '', '', 1),
(1473, 748, '01/image/image171.jpg', '1', '', 1536, 2048, '3.3331349999999995', '-76.60749333333334', '', '', '', '', 1),
(1474, 748, '01/sound/sound172.mp3', '2', '', 0, 0, '3.3331349999999995', '-76.60749333333334', '', '', '', '', 1),
(6404, 4150, '01/image/image6928.jpg', '1', '', 2448, 3264, '3.4528628', '-76.53626255', '', '', '', '', 1),
(1477, 750, '01/image/image175.jpg', '1', '', 1920, 2560, '', '', '', '', '', '', 1),
(1478, 750, '01/sound/sound176.mp3', '2', '', 0, 0, '', '', '', '', '', '', 1),
(1479, 751, '01/image/image177.jpg', '1', '', 1920, 2560, '', '', '', '', '', '', 1),
(1480, 751, '01/sound/sound178.mp3', '2', '', 0, 0, '', '', '', '', '', '', 1),
(1481, 752, '01/image/image179.jpg', '1', '', 1536, 2048, '', '', '', '', '', '', 1),
(1482, 752, '01/sound/sound180.mp3', '2', '', 0, 0, '', '', '', '', '', '', 1),
(1483, 753, '01/image/image181.jpg', '1', '', 1536, 2048, '', '', '', '', '', '', 1),
(1484, 753, '01/sound/sound182.mp3', '2', '', 0, 0, '', '', '', '', '', '', 1),
(1485, 754, '01/image/image183.jpg', '1', '', 1536, 2048, '', '', '', '', '', '', 1),
(1486, 754, '01/sound/sound184.mp3', '2', '', 0, 0, '', '', '', '', '', '', 1),
(1487, 755, '01/image/image185.jpg', '1', '', 1536, 2048, '', '', '', '', '', '', 1),
(1488, 755, '01/sound/sound186.mp3', '2', '', 0, 0, '', '', '', '', '', '', 1),
(1489, 756, '01/image/image187.jpg', '1', '', 1536, 2048, '', '', '', '', '', '', 1),
(1490, 756, '01/sound/sound188.mp3', '2', '', 0, 0, '', '', '', '', '', '', 1),
(1491, 757, '01/image/image189.jpg', '1', '', 1536, 2048, '', '', '', '', '', '', 1),
(1492, 757, '01/sound/sound190.mp3', '2', '', 0, 0, '', '', '', '', '', '', 1),
(1493, 758, '01/image/image191.jpg', '1', '', 2048, 1536, '', '', '', '', '', '', 1),
(1494, 758, '01/sound/sound192.mp3', '2', '', 0, 0, '', '', '', '', '', '', 1),
(1495, 759, '01/image/image193.jpg', '1', '', 1536, 2048, '', '', '', '', '', '', 1),
(1496, 759, '01/sound/sound194.mp3', '2', '', 0, 0, '', '', '', '', '', '', 1),
(1497, 760, '01/image/image195.jpg', '1', '', 1536, 2048, '', '', '', '', '', '', 1),
(1498, 760, '01/sound/sound196.mp3', '2', '', 0, 0, '', '', '', '', '', '', 1),
(1499, 761, '01/image/image197.jpg', '1', '', 2048, 1536, '', '', '', '', '', '', 1),
(1500, 761, '01/sound/sound198.mp3', '2', '', 0, 0, '', '', '', '', '', '', 1),
(1501, 762, '01/image/image199.jpg', '1', '', 2048, 1536, '', '', '', '', '', '', 1),
(1502, 762, '01/sound/sound200.mp3', '2', '', 0, 0, '', '', '', '', '', '', 1),
(1503, 763, '01/image/image201.jpg', '1', '', 2048, 1536, '', '', '', '', '', '', 1),
(1504, 763, '01/sound/sound202.mp3', '2', '', 0, 0, '', '', '', '', '', '', 1),
(1505, 764, '01/image/image203.jpg', '1', '', 2048, 1536, '', '', '', '', '', '', 1),
(1506, 764, '01/sound/sound204.mp3', '2', '', 0, 0, '', '', '', '', '', '', 1),
(1507, 765, '01/image/image205.jpg', '1', '', 2048, 1536, '', '', '', '', '', '', 1),
(1508, 765, '01/sound/sound206.mp3', '2', '', 0, 0, '', '', '', '', '', '', 1),
(1509, 766, '01/image/image207.jpg', '1', '', 2048, 1536, '', '', '', '', '', '', 1),
(1510, 766, '01/sound/sound208.mp3', '2', '', 0, 0, '', '', '', '', '', '', 1),
(1511, 767, '01/image/image209.jpg', '1', '', 2048, 1536, '', '', '', '', '', '', 1),
(1512, 767, '01/sound/sound210.mp3', '2', '', 0, 0, '', '', '', '', '', '', 1),
(1513, 768, '01/image/image211.jpg', '1', '', 2048, 1536, '', '', '', '', '', '', 1),
(1514, 768, '01/sound/sound212.mp3', '2', '', 0, 0, '', '', '', '', '', '', 1),
(1515, 769, '01/image/image213.jpg', '1', '', 2048, 1536, '', '', '', '', '', '', 1),
(1516, 769, '01/sound/sound214.mp3', '2', '', 0, 0, '', '', '', '', '', '', 1),
(1517, 770, '01/image/image215.jpg', '1', '', 1536, 2048, '', '', '', '', '', '', 1),
(1518, 770, '01/sound/sound216.mp3', '2', '', 0, 0, '', '', '', '', '', '', 1),
(1519, 771, '01/image/image217.jpg', '1', '', 2048, 1536, '', '', '', '', '', '', 1),
(1520, 771, '01/sound/sound218.mp3', '2', '', 0, 0, '', '', '', '', '', '', 1),
(1521, 772, '01/image/image219.jpg', '1', '', 1536, 2048, '', '', '', '', '', '', 1),
(1522, 772, '01/sound/sound220.mp3', '2', '', 0, 0, '', '', '', '', '', '', 1),
(1523, 773, '01/image/image221.jpg', '1', '', 2048, 1536, '', '', '', '', '', '', 1),
(1524, 773, '01/sound/sound222.mp3', '2', '', 0, 0, '', '', '', '', '', '', 1),
(1525, 774, '01/image/image223.jpg', '1', '', 2048, 1536, '', '', '', '', '', '', 1),
(1526, 774, '01/sound/sound224.mp3', '2', '', 0, 0, '', '', '', '', '', '', 1),
(1527, 775, '01/image/image225.jpg', '1', '', 1536, 2048, '', '', '', '', '', '', 1),
(1528, 775, '01/sound/sound226.mp3', '2', '', 0, 0, '', '', '', '', '', '', 1),
(1529, 776, '01/image/image227.jpg', '1', '', 2048, 1536, '', '', '', '', '', '', 1),
(1530, 776, '01/sound/sound228.mp3', '2', '', 0, 0, '', '', '', '', '', '', 1),
(1531, 777, '01/image/image229.jpg', '1', '', 2048, 1536, '', '', '', '', '', '', 1),
(1532, 777, '01/sound/sound230.mp3', '2', '', 0, 0, '', '', '', '', '', '', 1),
(1533, 778, '01/image/image231.jpg', '1', '', 2048, 1536, '', '', '', '', '', '', 1),
(1534, 778, '01/sound/sound232.mp3', '2', '', 0, 0, '', '', '', '', '', '', 1),
(1535, 779, '01/image/image233.jpg', '1', '', 2048, 1536, '', '', '', '', '', '', 1),
(1536, 779, '01/sound/sound234.mp3', '2', '', 0, 0, '', '', '', '', '', '', 1),
(1537, 780, '01/image/image235.jpg', '1', '', 1536, 2048, '', '', '', '', '', '', 1),
(1538, 780, '01/sound/sound236.mp3', '2', '', 0, 0, '', '', '', '', '', '', 1),
(1539, 781, '01/image/image237.jpg', '1', '', 1536, 2048, '', '', '', '', '', '', 1),
(1540, 781, '01/sound/sound238.mp3', '2', '', 0, 0, '', '', '', '', '', '', 1),
(1541, 782, '01/image/image239.jpg', '1', '', 1536, 2048, '', '', '', '', '', '', 1),
(1542, 782, '01/sound/sound240.mp3', '2', '', 0, 0, '', '', '', '', '', '', 1),
(1543, 783, '01/image/image241.jpg', '1', '', 1536, 2048, '', '', '', '', '', '', 1),
(1544, 783, '01/sound/sound242.mp3', '2', '', 0, 0, '', '', '', '', '', '', 1),
(1545, 784, '01/image/image243.jpg', '1', '', 2048, 1536, '', '', '', '', '', '', 1),
(1546, 784, '01/sound/sound244.mp3', '2', '', 0, 0, '', '', '', '', '', '', 1),
(1547, 785, '01/image/image245.jpg', '1', '', 1536, 2048, '', '', '', '', '', '', 1),
(1548, 785, '01/sound/sound246.mp3', '2', '', 0, 0, '', '', '', '', '', '', 1),
(1549, 786, '01/image/image247.jpg', '1', '', 2048, 1536, '', '', '', '', '', '', 1),
(1550, 786, '01/sound/sound248.mp3', '2', '', 0, 0, '', '', '', '', '', '', 1),
(1551, 787, '01/image/image249.jpg', '1', '', 2048, 1536, '', '', '', '', '', '', 1),
(1552, 787, '01/sound/sound250.mp3', '2', '', 0, 0, '', '', '', '', '', '', 1),
(1553, 788, '01/image/image251.jpg', '1', '', 2048, 1536, '', '', '', '', '', '', 1),
(1554, 788, '01/sound/sound252.mp3', '2', '', 0, 0, '', '', '', '', '', '', 1),
(1555, 789, '01/image/image253.jpg', '1', '', 1536, 2048, '', '', '', '', '', '', 1),
(1556, 789, '01/sound/sound254.mp3', '2', '', 0, 0, '', '', '', '', '', '', 1),
(1557, 790, '01/image/image255.jpg', '1', '', 1536, 2048, '', '', '', '', '', '', 1),
(1558, 790, '01/sound/sound256.mp3', '2', '', 0, 0, '', '', '', '', '', '', 1),
(1559, 791, '01/image/image257.jpg', '1', '', 1536, 2048, '', '', '', '', '', '', 1),
(1560, 791, '01/sound/sound258.mp3', '2', '', 0, 0, '', '', '', '', '', '', 1),
(1561, 792, '01/image/image259.jpg', '1', '', 1536, 2048, '', '', '', '', '', '', 1),
(1562, 792, '01/sound/sound260.mp3', '2', '', 0, 0, '', '', '', '', '', '', 1),
(1563, 793, '01/image/image261.jpg', '1', '', 1536, 2048, '', '', '', '', '', '', 1),
(1564, 793, '01/sound/sound262.mp3', '2', '', 0, 0, '', '', '', '', '', '', 1),
(1565, 794, '01/image/image263.jpg', '1', '', 2048, 1536, '3.32054', '-76.62305166666667', '', '', '', '', 1),
(1566, 794, '01/sound/sound264.mp3', '2', '', 0, 0, '3.32054', '-76.62305166666667', '', '', '', '', 1),
(1567, 795, '01/image/image265.jpg', '1', '', 1536, 2048, '3.3303949999999993', '-76.63509833333333', '', '', '', '', 1),
(1568, 795, '01/sound/sound266.mp3', '2', '', 0, 0, '3.3303949999999993', '-76.63509833333333', '', '', '', '', 1),
(1569, 796, '01/image/image267.jpg', '1', '', 1536, 2048, '3.332073333333333', '-76.63688499999999', '', '', '', '', 1),
(1570, 796, '01/sound/sound268.mp3', '2', '', 0, 0, '3.332073333333333', '-76.63688499999999', '', '', '', '', 1),
(1571, 797, '01/image/image269.jpg', '1', '', 1536, 2048, '3.3327066666666667', '-76.63756333333335', '', '', '', '', 1),
(1572, 797, '01/sound/sound270.mp3', '2', '', 0, 0, '3.3327066666666667', '-76.63756333333335', '', '', '', '', 1),
(1573, 798, '01/image/image271.jpg', '1', '', 1536, 2048, '3.333636666666666', '-76.63899500000001', '', '', '', '', 1),
(1574, 798, '01/sound/sound272.mp3', '2', '', 0, 0, '3.333636666666666', '-76.63899500000001', '', '', '', '', 1),
(1575, 799, '01/image/image273.jpg', '1', '', 2048, 1536, '3.3341833333333333', '-76.639605', '', '', '', '', 1),
(1576, 799, '01/sound/sound274.mp3', '2', '', 0, 0, '3.3341833333333333', '-76.639605', '', '', '', '', 1),
(1577, 800, '01/image/image275.jpg', '1', '', 1536, 2048, '3.3335616666666663', '-76.63896833333334', '', '', '', '', 1),
(1578, 800, '01/sound/sound276.mp3', '2', '', 0, 0, '3.3335616666666663', '-76.63896833333334', '', '', '', '', 1),
(1579, 801, '01/image/image277.jpg', '1', '', 1536, 2048, '3.3324099999999994', '-76.63717666666666', '', '', '', '', 1),
(1580, 801, '01/sound/sound278.mp3', '2', '', 0, 0, '3.3324099999999994', '-76.63717666666666', '', '', '', '', 1),
(1581, 802, '01/image/image279.jpg', '1', '', 2048, 1536, '3.3299483333333333', '-76.63469833333333', '', '', '', '', 1),
(1582, 802, '01/sound/sound280.mp3', '2', '', 0, 0, '3.3299483333333333', '-76.63469833333333', '', '', '', '', 1),
(1583, 803, '01/image/image281.jpg', '1', '', 480, 640, '3.3299350000000003', '-76.63462666666666', '', '', '', '', 1),
(1584, 803, '01/sound/sound282.mp3', '2', '', 0, 0, '3.3299350000000003', '-76.63462666666666', '', '', '', '', 1),
(1585, 804, '01/image/image283.jpg', '1', '', 1536, 2048, '3.3297533333333327', '-76.63477166666667', '', '', '', '', 1),
(1586, 804, '01/sound/sound284.mp3', '2', '', 0, 0, '3.3297533333333327', '-76.63477166666667', '', '', '', '', 1),
(1587, 805, '01/image/image285.jpg', '1', '', 1536, 2048, '3.329508333333334', '-76.63485', '', '', '', '', 1),
(1588, 805, '01/sound/sound286.mp3', '2', '', 0, 0, '3.329508333333334', '-76.63485', '', '', '', '', 1),
(1589, 806, '01/image/image287.jpg', '1', '', 1536, 2048, '3.329015', '-76.63477833333333', '', '', '', '', 1),
(1590, 806, '01/sound/sound288.mp3', '2', '', 0, 0, '3.329015', '-76.63477833333333', '', '', '', '', 1),
(1591, 807, '01/image/image289.jpg', '1', '', 2048, 1536, '3.3288166666666665', '-76.634665', '', '', '', '', 1),
(1592, 807, '01/sound/sound290.mp3', '2', '', 0, 0, '3.3288166666666665', '-76.634665', '', '', '', '', 1),
(1593, 808, '01/image/image291.jpg', '1', '', 1536, 2048, '3.328775', '-76.63464166666667', '', '', '', '', 1),
(1594, 808, '01/sound/sound292.mp3', '2', '', 0, 0, '3.328775', '-76.63464166666667', '', '', '', '', 1),
(1595, 809, '01/image/image293.jpg', '1', '', 1536, 2048, '3.328525', '-76.634405', '', '', '', '', 1),
(1596, 809, '01/sound/sound294.mp3', '2', '', 0, 0, '3.328525', '-76.634405', '', '', '', '', 1),
(1597, 810, '01/image/image295.jpg', '1', '', 2048, 1536, '3.3283866666666664', '-76.63413', '', '', '', '', 1),
(1598, 810, '01/sound/sound296.mp3', '2', '', 0, 0, '3.3283866666666664', '-76.63413', '', '', '', '', 1),
(1599, 811, '01/image/image297.jpg', '1', '', 2048, 1536, '3.328338333333334', '-76.63406833333333', '', '', '', '', 1),
(1600, 811, '01/sound/sound298.mp3', '2', '', 0, 0, '3.328338333333334', '-76.63406833333333', '', '', '', '', 1),
(1601, 812, '01/image/image299.jpg', '1', '', 2048, 1536, '3.328155', '-76.63346166666666', '', '', '', '', 1),
(1602, 812, '01/sound/sound300.mp3', '2', '', 0, 0, '3.328155', '-76.63346166666666', '', '', '', '', 1),
(1603, 813, '01/image/image301.jpg', '1', '', 2048, 1536, '3.3280633333333336', '-76.63327666666667', '', '', '', '', 1),
(1604, 813, '01/sound/sound302.mp3', '2', '', 0, 0, '3.3280633333333336', '-76.63327666666667', '', '', '', '', 1),
(1605, 814, '01/image/image303.jpg', '1', '', 1536, 2048, '3.3280916666666664', '-76.633365', '', '', '', '', 1),
(1606, 814, '01/sound/sound304.mp3', '2', '', 0, 0, '3.3280916666666664', '-76.633365', '', '', '', '', 1),
(1607, 815, '01/image/image305.jpg', '1', '', 2048, 1536, '3.327963333333333', '-76.63291833333332', '', '', '', '', 1),
(1608, 815, '01/sound/sound306.mp3', '2', '', 0, 0, '3.327963333333333', '-76.63291833333332', '', '', '', '', 1),
(1609, 816, '01/image/image307.jpg', '1', '', 1536, 2048, '3.3279083333333337', '-76.63283166666666', '', '', '', '', 1),
(1610, 816, '01/sound/sound308.mp3', '2', '', 0, 0, '3.3279083333333337', '-76.63283166666666', '', '', '', '', 1),
(1611, 817, '01/image/image309.jpg', '1', '', 1536, 2048, '3.3283800000000006', '-76.63255833333332', '', '', '', '', 1),
(1612, 817, '01/sound/sound310.mp3', '2', '', 0, 0, '3.3283800000000006', '-76.63255833333332', '', '', '', '', 1),
(1613, 818, '01/image/image311.jpg', '1', '', 1536, 2048, '3.3281449999999997', '-76.63269833333334', '', '', '', '', 1),
(1614, 818, '01/sound/sound312.mp3', '2', '', 0, 0, '3.3281449999999997', '-76.63269833333334', '', '', '', '', 1),
(1615, 819, '01/image/image313.jpg', '1', '', 2048, 1536, '3.3256949999999996', '-76.630545', '', '', '', '', 1),
(1616, 819, '01/sound/sound314.mp3', '2', '', 0, 0, '3.3256949999999996', '-76.630545', '', '', '', '', 1),
(1617, 820, '01/image/image315.jpg', '1', '', 1536, 2048, '3.324578333333333', '-76.62655333333333', '', '', '', '', 1),
(1618, 820, '01/sound/sound316.mp3', '2', '', 0, 0, '3.324578333333333', '-76.62655333333333', '', '', '', '', 1),
(1619, 821, '01/image/image317.jpg', '1', '', 1536, 2048, '3.3249000000000004', '-76.62676499999999', '', '', '', '', 1),
(1620, 821, '01/sound/sound318.mp3', '2', '', 0, 0, '3.3249000000000004', '-76.62676499999999', '', '', '', '', 1),
(1621, 822, '01/image/image319.jpg', '1', '', 1536, 2048, '3.319178333333333', '-76.60393333333333', '', '', '', '', 1),
(1622, 822, '01/sound/sound320.mp3', '2', '', 0, 0, '3.319178333333333', '-76.60393333333333', '', '', '', '', 1),
(1623, 823, '01/image/image321.jpg', '1', '', 1536, 2048, '3.3428666666666667', '-76.58902333333334', '', '', '', '', 1),
(1624, 823, '01/sound/sound322.mp3', '2', '', 0, 0, '3.3428666666666667', '-76.58902333333334', '', '', '', '', 1),
(1625, 824, '01/image/image323.jpg', '1', '', 1536, 2048, '3.3450199999999994', '-76.58878333333334', '', '', '', '', 1),
(1626, 824, '01/sound/sound324.mp3', '2', '', 0, 0, '3.3450199999999994', '-76.58878333333334', '', '', '', '', 1),
(1627, 825, '01/image/image325.jpg', '1', '', 1536, 2048, '3.3354966666666663', '-76.55046833333334', '', '', '', '', 1),
(1628, 825, '01/sound/sound326.mp3', '2', '', 0, 0, '3.3354966666666663', '-76.55046833333334', '', '', '', '', 1),
(1629, 826, '01/image/image327.jpg', '1', '', 1536, 2048, '3.3355416666666664', '-76.55079', '', '', '', '', 1),
(1630, 826, '01/sound/sound328.mp3', '2', '', 0, 0, '3.3355416666666664', '-76.55079', '', '', '', '', 1),
(1631, 827, '01/image/image329.jpg', '1', '', 2048, 1536, '3.3011633333333332', '-76.52972166666667', '', '', '', '', 1),
(1632, 827, '01/sound/sound330.mp3', '2', '', 0, 0, '3.3011633333333332', '-76.52972166666667', '', '', '', '', 1),
(1633, 828, '01/image/image331.jpg', '1', '', 2048, 1536, '3.2867633333333335', '-76.52830833333334', '', '', '', '', 1),
(1634, 828, '01/sound/sound332.mp3', '2', '', 0, 0, '3.2867633333333335', '-76.52830833333334', '', '', '', '', 1),
(1635, 829, '01/image/image333.jpg', '1', '', 2048, 1536, '3.2867633333333335', '-76.52830833333334', '', '', '', '', 1),
(1636, 829, '01/sound/sound334.mp3', '2', '', 0, 0, '3.2867633333333335', '-76.52830833333334', '', '', '', '', 1),
(1639, 831, '01/image/image337.jpg', '1', '', 2448, 3264, '3.4528628', '-76.53626255', '', '', '', '', 1),
(1640, 831, '01/sound/sound338.mp3', '2', '', 0, 0, '3.4528628', '-76.53626255', '', '', '', '', 1),
(1641, 832, '01/image/image339.jpg', '1', '', 2448, 3264, '3.33029611', '-76.6349823', '', '', '', '', 1),
(1642, 832, '01/sound/sound340.mp3', '2', '', 0, 0, '3.33029611', '-76.6349823', '', '', '', '', 1),
(1643, 833, '01/image/image341.jpg', '1', '', 3264, 2448, '3.33031874', '-76.63502347', '', '', '', '', 1),
(1644, 833, '01/sound/sound342.mp3', '2', '', 0, 0, '3.33031874', '-76.63502347', '', '', '', '', 1),
(1645, 834, '01/image/image343.jpg', '1', '', 2448, 3264, '3.33051738', '-76.63524567', '', '', '', '', 1),
(1646, 834, '01/sound/sound344.mp3', '2', '', 0, 0, '3.33051738', '-76.63524567', '', '', '', '', 1),
(1647, 835, '01/image/image345.jpg', '1', '', 2448, 3264, '3.33207649', '-76.63693121', '', '', '', '', 1),
(1648, 835, '01/sound/sound346.mp3', '2', '', 0, 0, '3.33207649', '-76.63693121', '', '', '', '', 1),
(1649, 836, '01/image/image347.jpg', '1', '', 2448, 3264, '3.33272981', '-76.63729172', '', '', '', '', 1),
(1650, 836, '01/sound/sound348.mp3', '2', '', 0, 0, '3.33272981', '-76.63729172', '', '', '', '', 1),
(1651, 837, '01/image/image349.jpg', '1', '', 2448, 3264, '3.332799', '-76.63754773', '', '', '', '', 1),
(1652, 837, '01/sound/sound350.mp3', '2', '', 0, 0, '3.332799', '-76.63754773', '', '', '', '', 1),
(1653, 838, '01/image/image351.jpg', '1', '', 2448, 3264, '3.33323502', '-76.63802963', '', '', '', '', 1),
(1654, 838, '01/sound/sound352.mp3', '2', '', 0, 0, '3.33323502', '-76.63802963', '', '', '', '', 1),
(1655, 839, '01/image/image353.jpg', '1', '', 2448, 3264, '3.33377526', '-76.63928473', '', '', '', '', 1),
(1656, 839, '01/sound/sound354.mp3', '2', '', 0, 0, '3.33377526', '-76.63928473', '', '', '', '', 1),
(1657, 840, '01/image/image355.jpg', '1', '', 2448, 3264, '3.33378949', '-76.6391696', '', '', '', '', 1),
(1658, 840, '01/sound/sound356.mp3', '2', '', 0, 0, '3.33378949', '-76.6391696', '', '', '', '', 1),
(1659, 841, '01/image/image357.jpg', '1', '', 2448, 3264, '3.33171773', '-76.63654005', '', '', '', '', 1),
(1660, 841, '01/sound/sound358.mp3', '2', '', 0, 0, '3.33171773', '-76.63654005', '', '', '', '', 1),
(1661, 842, '01/image/image359.jpg', '1', '', 2448, 3264, '3.33001434', '-76.63481734', '', '', '', '', 1),
(1662, 842, '01/sound/sound360.mp3', '2', '', 0, 0, '3.33001434', '-76.63481734', '', '', '', '', 1),
(1663, 843, '01/image/image361.jpg', '1', '', 2448, 3264, '3.32999355', '-76.63488204', '', '', '', '', 1),
(1664, 843, '01/sound/sound362.mp3', '2', '', 0, 0, '3.32999355', '-76.63488204', '', '', '', '', 1),
(1665, 844, '01/image/image363.jpg', '1', '', 2448, 3264, '3.33000163', '-76.63482735', '', '', '', '', 1),
(1666, 844, '01/sound/sound364.mp3', '2', '', 0, 0, '3.33000163', '-76.63482735', '', '', '', '', 1),
(1667, 845, '01/image/image365.jpg', '1', '', 2448, 3264, '3.32994085', '-76.6347235', '', '', '', '', 1),
(1668, 845, '01/sound/sound366.mp3', '2', '', 0, 0, '3.32994085', '-76.6347235', '', '', '', '', 1),
(1669, 846, '01/image/image367.jpg', '1', '', 2448, 3264, '3.32994085', '-76.6347235', '', '', '', '', 1),
(1670, 846, '01/sound/sound368.mp3', '2', '', 0, 0, '3.32994085', '-76.6347235', '', '', '', '', 1),
(1671, 847, '01/image/image369.jpg', '1', '', 2448, 3264, '3.32989914', '-76.63466857', '', '', '', '', 1),
(1672, 847, '01/sound/sound370.mp3', '2', '', 0, 0, '3.32989914', '-76.63466857', '', '', '', '', 1),
(1673, 848, '01/image/image371.jpg', '1', '', 2448, 3264, '3.32989914', '-76.63466857', '', '', '', '', 1),
(1674, 848, '01/sound/sound372.mp3', '2', '', 0, 0, '3.32989914', '-76.63466857', '', '', '', '', 1),
(1675, 849, '01/image/image373.jpg', '1', '', 2448, 3264, '3.32989688', '-76.63462335', '', '', '', '', 1),
(1676, 849, '01/sound/sound374.mp3', '2', '', 0, 0, '3.32989688', '-76.63462335', '', '', '', '', 1),
(1677, 850, '01/image/image375.jpg', '1', '', 2448, 3264, '3.32989688', '-76.63462335', '', '', '', '', 1),
(1678, 850, '01/sound/sound376.mp3', '2', '', 0, 0, '3.32989688', '-76.63462335', '', '', '', '', 1),
(1679, 851, '01/image/image377.jpg', '1', '', 2448, 3264, '3.3299554', '-76.63459247', '', '', '', '', 1),
(1680, 851, '01/sound/sound378.mp3', '2', '', 0, 0, '3.3299554', '-76.63459247', '', '', '', '', 1),
(1681, 852, '01/image/image379.jpg', '1', '', 2448, 3264, '3.32964237', '-76.63474919', '', '', '', '', 1),
(1682, 852, '01/sound/sound380.mp3', '2', '', 0, 0, '3.32964237', '-76.63474919', '', '', '', '', 1),
(1683, 853, '01/image/image381.jpg', '1', '', 2448, 3264, '3.32944956', '-76.63480774', '', '', '', '', 1),
(1684, 853, '01/sound/sound382.mp3', '2', '', 0, 0, '3.32944956', '-76.63480774', '', '', '', '', 1),
(1685, 854, '01/image/image383.jpg', '1', '', 2448, 3264, '3.32901982', '-76.6347073', '', '', '', '', 1),
(1686, 854, '01/sound/sound384.mp3', '2', '', 0, 0, '3.32901982', '-76.6347073', '', '', '', '', 1),
(1689, 856, '01/image/image387.jpg', '1', '', 2448, 3264, '3.32875065', '-76.63450439', '', '', '', '', 1),
(1690, 856, '01/sound/sound388.mp3', '2', '', 0, 0, '3.32875065', '-76.63450439', '', '', '', '', 1),
(1691, 857, '01/image/image389.jpg', '1', '', 2448, 3264, '3.32858734', '-76.63447796', '', '', '', '', 1),
(1692, 857, '01/sound/sound390.mp3', '2', '', 0, 0, '3.32858734', '-76.63447796', '', '', '', '', 1),
(1699, 861, '01/image/image397.jpg', '1', '', 2448, 3264, '3.32829055', '-76.63382846', '', '', '', '', 1),
(1700, 861, '01/sound/sound398.mp3', '2', '', 0, 0, '3.32829055', '-76.63382846', '', '', '', '', 1),
(1703, 863, '01/image/image401.jpg', '1', '', 2448, 3264, '3.32828067', '-76.63380102', '', '', '', '', 1),
(1704, 863, '01/sound/sound402.mp3', '2', '', 0, 0, '3.32828067', '-76.63380102', '', '', '', '', 1),
(1706, 865, '01/image/image404.jpg', '1', '', 2448, 3264, '3.32828067', '-76.63380102', '', '', '', '', 1),
(1707, 865, '01/sound/sound405.mp3', '2', '', 0, 0, '3.32828067', '-76.63380102', '', '', '', '', 1),
(1709, 866, '01/image/image406.jpg', '1', '', 2448, 3264, '3.32828152', '-76.63368326', '', '', '', '', 1),
(1710, 866, '01/sound/sound408.mp3', '2', '', 0, 0, '3.32828152', '-76.63368326', '', '', '', '', 1),
(1715, 869, '01/image/image413.jpg', '1', '', 3264, 2448, '3.32805804', '-76.63329736', '', '', '', '', 1),
(1718, 869, '01/sound/sound414.mp3', '2', '', 0, 0, '3.32805804', '-76.63329736', '', '', '', '', 1),
(1720, 872, '01/image/image417.jpg', '1', '', 3264, 2448, '3.32806679', '-76.63329461', '', '', '', '', 1),
(1722, 872, '01/sound/sound419.mp3', '2', '', 0, 0, '3.32806679', '-76.63329461', '', '', '', '', 1),
(1724, 874, '01/image/image422.jpg', '1', '', 2448, 3264, '3.32865775', '-76.63216775', '', '', '', '', 1),
(1726, 874, '01/sound/sound423.mp3', '2', '', 0, 0, '3.32865775', '-76.63216775', '', '', '', '', 1),
(1729, 876, '01/image/image427.jpg', '1', '', 2448, 3264, '3.32849028', '-76.63214313', '', '', '', '', 1),
(1730, 876, '01/sound/sound428.mp3', '2', '', 0, 0, '3.32849028', '-76.63214313', '', '', '', '', 1),
(1732, 878, '01/image/image430.jpg', '1', '', 3264, 2448, '', '', '', '', '', '', 1),
(1734, 878, '01/sound/sound431.mp3', '2', '', 0, 0, '', '', '', '', '', '', 1),
(1736, 880, '01/image/image434.jpg', '1', '', 2448, 3264, '3.32469578', '-76.62664715', '', '', '', '', 1),
(1738, 880, '01/sound/sound435.mp3', '2', '', 0, 0, '3.32469578', '-76.62664715', '', '', '', '', 1),
(1843, 933, '01/image/image541.jpg', '1', '', 2448, 3264, '3.32803875', '-76.63333808', '', '', '', '', 1),
(1845, 933, '01/sound/sound542.mp3', '2', '', 0, 0, '3.32803875', '-76.63333808', '', '', '', '', 1),
(2699, 1369, '01/image/image1399.jpg', '1', '', 2448, 3264, '', '', '', '', '', '', 1),
(3986, 2020, '01/image/image2691.jpg', '1', '', 2448, 3264, '3.3348083', '-76.6038721', '', '', '', '', 1),
(3988, 2020, '01/sound/sound2692.mp3', '2', '', 0, 0, '3.3348083', '-76.6038721', '', '', '', '', 1),
(3993, 2023, '01/image/image2698.jpg', '1', '', 2448, 3264, '3.4528628', '-76.53626255', '', '', '', '', 1),
(3995, 2023, '01/sound/sound2699.mp3', '2', '', 0, 0, '3.4528628', '-76.53626255', '', '', '', '', 1),
(4127, 2092, '01/image/image2833.jpg', '1', '', 2448, 3264, '3.32839059', '-76.63417009', '', '', '', '', 1),
(4130, 2092, '01/sound/sound2835.mp3', '2', '', 0, 0, '3.32839059', '-76.63417009', '', '', '', '', 1),
(4164, 2110, '01/image/image2870.jpg', '1', '', 2448, 3264, '3.33207649', '-76.63693121', '', '', '', '', 1),
(4166, 2110, '01/sound/sound2872.mp3', '2', '', 0, 0, '3.33207649', '-76.63693121', '', '', '', '', 1),
(4211, 2133, '01/image/image2918.jpg', '1', '', 2448, 3264, '3.32999355', '-76.63488204', '', '', '', '', 1),
(4213, 2133, '01/sound/sound2919.mp3', '2', '', 0, 0, '3.32999355', '-76.63488204', '', '', '', '', 1),
(4248, 2152, '01/image/image2955.jpg', '1', '', 2448, 3264, '3.33272981', '-76.63729172', '', '', '', '', 1),
(4250, 2152, '01/sound/sound2956.mp3', '2', '', 0, 0, '3.33272981', '-76.63729172', '', '', '', '', 1),
(4283, 2170, '01/image/image2990.jpg', '1', '', 2448, 3264, '3.33001434', '-76.63481734', '', '', '', '', 1),
(4287, 2170, '01/sound/sound2991.mp3', '2', '', 0, 0, '3.33001434', '-76.63481734', '', '', '', '', 1),
(4486, 2271, '01/image/image3193.jpg', '1', '', 2448, 3264, '3.32092868', '-76.5987193', '', '', '', '', 1),
(4488, 2271, '01/sound/sound3194.mp3', '2', '', 0, 0, '3.32092868', '-76.5987193', '', '', '', '', 1),
(6405, 4150, '01/sound/sound6929.mp3', '2', '', 0, 0, '3.4528628', '-76.53626255', '', '', '', '', 1),
(6406, 4151, '01/image/image6930.jpg', '1', '', 2448, 3264, '3.4528628', '-76.53626255', '', '', '', '', 1),
(6407, 4151, '01/sound/sound6931.mp3', '2', '', 0, 0, '3.4528628', '-76.53626255', '', '', '', '', 1),
(6408, 4152, '01/image/image6932.jpg', '1', '', 2448, 3264, '3.33029611', '-76.6349823', '', '', '', '', 1),
(6409, 4152, '01/sound/sound6933.mp3', '2', '', 0, 0, '3.33029611', '-76.6349823', '', '', '', '', 1),
(6410, 4153, '01/image/image6934.jpg', '1', '', 3264, 2448, '3.33031874', '-76.63502347', '', '', '', '', 1),
(6411, 4153, '01/sound/sound6935.mp3', '2', '', 0, 0, '3.33031874', '-76.63502347', '', '', '', '', 1),
(6412, 4154, '01/image/image6936.jpg', '1', '', 2448, 3264, '3.33051738', '-76.63524567', '', '', '', '', 1),
(6413, 4154, '01/sound/sound6937.mp3', '2', '', 0, 0, '3.33051738', '-76.63524567', '', '', '', '', 1),
(6414, 4155, '01/image/image6938.jpg', '1', '', 2448, 3264, '3.33207649', '-76.63693121', '', '', '', '', 1),
(6415, 4155, '01/sound/sound6939.mp3', '2', '', 0, 0, '3.33207649', '-76.63693121', '', '', '', '', 1),
(6416, 4156, '01/image/image6940.jpg', '1', '', 2448, 3264, '3.33272981', '-76.63729172', '', '', '', '', 1),
(6417, 4156, '01/sound/sound6941.mp3', '2', '', 0, 0, '3.33272981', '-76.63729172', '', '', '', '', 1),
(6418, 4157, '01/image/image6942.jpg', '1', '', 2448, 3264, '3.332799', '-76.63754773', '', '', '', '', 1),
(6419, 4157, '01/sound/sound6943.mp3', '2', '', 0, 0, '3.332799', '-76.63754773', '', '', '', '', 1),
(6420, 4158, '01/image/image6944.jpg', '1', '', 2448, 3264, '3.33323502', '-76.63802963', '', '', '', '', 1),
(6421, 4158, '01/sound/sound6945.mp3', '2', '', 0, 0, '3.33323502', '-76.63802963', '', '', '', '', 1),
(6422, 4159, '01/image/image6946.jpg', '1', '', 2448, 3264, '3.33377526', '-76.63928473', '', '', '', '', 1),
(6423, 4159, '01/sound/sound6947.mp3', '2', '', 0, 0, '3.33377526', '-76.63928473', '', '', '', '', 1),
(6424, 4160, '01/image/image6948.jpg', '1', '', 2448, 3264, '3.33378949', '-76.6391696', '', '', '', '', 1),
(6425, 4160, '01/sound/sound6949.mp3', '2', '', 0, 0, '3.33378949', '-76.6391696', '', '', '', '', 1),
(6426, 4161, '01/image/image6950.jpg', '1', '', 2448, 3264, '3.33171773', '-76.63654005', '', '', '', '', 1),
(6427, 4161, '01/sound/sound6951.mp3', '2', '', 0, 0, '3.33171773', '-76.63654005', '', '', '', '', 1),
(6428, 4162, '01/image/image6952.jpg', '1', '', 2448, 3264, '3.33001434', '-76.63481734', '', '', '', '', 1),
(6429, 4162, '01/sound/sound6953.mp3', '2', '', 0, 0, '3.33001434', '-76.63481734', '', '', '', '', 1),
(6430, 4163, '01/image/image6954.jpg', '1', '', 2448, 3264, '3.32999355', '-76.63488204', '', '', '', '', 1),
(6431, 4163, '01/sound/sound6955.mp3', '2', '', 0, 0, '3.32999355', '-76.63488204', '', '', '', '', 1),
(6432, 4164, '01/image/image6956.jpg', '1', '', 2448, 3264, '3.33000163', '-76.63482735', '', '', '', '', 1),
(6433, 4164, '01/sound/sound6957.mp3', '2', '', 0, 0, '3.33000163', '-76.63482735', '', '', '', '', 1),
(6434, 4165, '01/image/image6958.jpg', '1', '', 2448, 3264, '3.32994085', '-76.6347235', '', '', '', '', 1),
(6435, 4165, '01/sound/sound6959.mp3', '2', '', 0, 0, '3.32994085', '-76.6347235', '', '', '', '', 1),
(6436, 4166, '01/image/image6960.jpg', '1', '', 2448, 3264, '3.32994085', '-76.6347235', '', '', '', '', 1),
(6437, 4166, '01/sound/sound6961.mp3', '2', '', 0, 0, '3.32994085', '-76.6347235', '', '', '', '', 1),
(6438, 4167, '01/image/image6962.jpg', '1', '', 2448, 3264, '3.32989914', '-76.63466857', '', '', '', '', 1),
(6439, 4167, '01/sound/sound6963.mp3', '2', '', 0, 0, '3.32989914', '-76.63466857', '', '', '', '', 1),
(6440, 4168, '01/image/image6964.jpg', '1', '', 2448, 3264, '3.32989914', '-76.63466857', '', '', '', '', 1),
(6441, 4168, '01/sound/sound6965.mp3', '2', '', 0, 0, '3.32989914', '-76.63466857', '', '', '', '', 1),
(6442, 4169, '01/image/image6966.jpg', '1', '', 2448, 3264, '3.32989688', '-76.63462335', '', '', '', '', 1),
(6443, 4169, '01/sound/sound6967.mp3', '2', '', 0, 0, '3.32989688', '-76.63462335', '', '', '', '', 1),
(6444, 4170, '01/image/image6968.jpg', '1', '', 2448, 3264, '3.32989688', '-76.63462335', '', '', '', '', 1),
(6445, 4170, '01/sound/sound6969.mp3', '2', '', 0, 0, '3.32989688', '-76.63462335', '', '', '', '', 1),
(6446, 4171, '01/image/image6970.jpg', '1', '', 2448, 3264, '3.3299554', '-76.63459247', '', '', '', '', 1),
(6447, 4171, '01/sound/sound6971.mp3', '2', '', 0, 0, '3.3299554', '-76.63459247', '', '', '', '', 1),
(6448, 4172, '01/image/image6972.jpg', '1', '', 2448, 3264, '3.32964237', '-76.63474919', '', '', '', '', 1),
(6449, 4172, '01/sound/sound6973.mp3', '2', '', 0, 0, '3.32964237', '-76.63474919', '', '', '', '', 1),
(6450, 4173, '01/image/image6974.jpg', '1', '', 2448, 3264, '3.32944956', '-76.63480774', '', '', '', '', 1),
(6451, 4173, '01/sound/sound6975.mp3', '2', '', 0, 0, '3.32944956', '-76.63480774', '', '', '', '', 1),
(6452, 4174, '01/image/image6976.jpg', '1', '', 2448, 3264, '3.32901982', '-76.6347073', '', '', '', '', 1),
(6453, 4174, '01/sound/sound6977.mp3', '2', '', 0, 0, '3.32901982', '-76.6347073', '', '', '', '', 1),
(6454, 4175, '01/image/image6978.jpg', '1', '', 2448, 3264, '3.32875497', '-76.63457551', '', '', '', '', 1),
(6455, 4175, '01/sound/sound6979.mp3', '2', '', 0, 0, '3.32875497', '-76.63457551', '', '', '', '', 1),
(6456, 4176, '01/image/image6980.jpg', '1', '', 2448, 3264, '3.32875065', '-76.63450439', '', '', '', '', 1),
(6457, 4176, '01/sound/sound6981.mp3', '2', '', 0, 0, '3.32875065', '-76.63450439', '', '', '', '', 1),
(6458, 4177, '01/image/image6982.jpg', '1', '', 2448, 3264, '3.32858734', '-76.63447796', '', '', '', '', 1),
(6459, 4177, '01/sound/sound6983.mp3', '2', '', 0, 0, '3.32858734', '-76.63447796', '', '', '', '', 1),
(6460, 4178, '01/image/image6984.jpg', '1', '', 2448, 3264, '3.32839059', '-76.63417009', '', '', '', '', 1),
(6461, 4178, '01/sound/sound6985.mp3', '2', '', 0, 0, '3.32839059', '-76.63417009', '', '', '', '', 1),
(6462, 4179, '01/image/image6986.jpg', '1', '', 2448, 3264, '3.32829055', '-76.63382846', '', '', '', '', 1),
(6463, 4179, '01/sound/sound6987.mp3', '2', '', 0, 0, '3.32829055', '-76.63382846', '', '', '', '', 1),
(6464, 4180, '01/image/image6988.jpg', '1', '', 2448, 3264, '3.32828067', '-76.63380102', '', '', '', '', 1),
(6465, 4180, '01/sound/sound6989.mp3', '2', '', 0, 0, '3.32828067', '-76.63380102', '', '', '', '', 1),
(6466, 4181, '01/image/image6990.jpg', '1', '', 3264, 2448, '3.28674824', '-76.52833949', '', '', '', '', 1),
(6467, 4181, '01/sound/sound6991.mp3', '2', '', 0, 0, '3.28674824', '-76.52833949', '', '', '', '', 1),
(6468, 4182, '01/image/image6992.jpg', '1', '', 2560, 1920, '3.3274466666666664', '-76.64449333333333', '', '', '', '', 1),
(6469, 4182, '01/sound/sound6993.mp3', '2', '', 0, 0, '3.3274466666666664', '-76.64449333333333', '', '', '', '', 1),
(6470, 4183, '01/image/image6994.jpg', '1', '', 2560, 1920, '3.3273783333333333', '-76.64437', '', '', '', '', 1),
(6471, 4183, '01/sound/sound6995.mp3', '2', '', 0, 0, '3.3273783333333333', '-76.64437', '', '', '', '', 1),
(6472, 4184, '01/image/image6996.jpg', '1', '', 1920, 2560, '3.3276383333333333', '-76.64339', '', '', '', '', 1),
(6473, 4184, '01/sound/sound6997.mp3', '2', '', 0, 0, '3.3276383333333333', '-76.64339', '', '', '', '', 1),
(6474, 4185, '01/image/image6998.jpg', '1', '', 2560, 1920, '3.3284100000000003', '-76.641825', '', '', '', '', 1),
(6475, 4185, '01/sound/sound6999.mp3', '2', '', 0, 0, '3.3284100000000003', '-76.641825', '', '', '', '', 1),
(6476, 4186, '01/image/image7000.jpg', '1', '', 2560, 1920, '3.3284549999999995', '-76.64128166666666', '', '', '', '', 1),
(6477, 4186, '01/sound/sound7001.mp3', '2', '', 0, 0, '3.3284549999999995', '-76.64128166666666', '', '', '', '', 1),
(6478, 4187, '01/image/image7002.jpg', '1', '', 2560, 1920, '3.3286900000000004', '-76.63956166666667', '', '', '', '', 1),
(6479, 4187, '01/sound/sound7003.mp3', '2', '', 0, 0, '3.3286900000000004', '-76.63956166666667', '', '', '', '', 1),
(6480, 4188, '01/image/image7004.jpg', '1', '', 2560, 1920, '3.3286900000000004', '-76.63956166666667', '', '', '', '', 1),
(6481, 4188, '01/sound/sound7005.mp3', '2', '', 0, 0, '3.3286900000000004', '-76.63956166666667', '', '', '', '', 1),
(6482, 4189, '01/image/image7006.jpg', '1', '', 1920, 2560, '3.328756666666666', '-76.63879666666666', '', '', '', '', 1),
(6483, 4189, '01/sound/sound7007.mp3', '2', '', 0, 0, '3.328756666666666', '-76.63879666666666', '', '', '', '', 1),
(6484, 4190, '01/image/image7008.jpg', '1', '', 2560, 1920, '3.328755', '-76.63868166666666', '', '', '', '', 1),
(6485, 4190, '01/sound/sound7009.mp3', '2', '', 0, 0, '3.328755', '-76.63868166666666', '', '', '', '', 1),
(6486, 4191, '01/image/image7010.jpg', '1', '', 2560, 1920, '3.328361666666667', '-76.63673999999999', '', '', '', '', 1),
(6487, 4191, '01/sound/sound7011.mp3', '2', '', 0, 0, '3.328361666666667', '-76.63673999999999', '', '', '', '', 1),
(6488, 4192, '01/image/image7012.jpg', '1', '', 2560, 1920, '3.31826', '-76.63747333333335', '', '', '', '', 1),
(6489, 4192, '01/sound/sound7013.mp3', '2', '', 0, 0, '3.31826', '-76.63747333333335', '', '', '', '', 1),
(6490, 4193, '01/image/image7014.jpg', '1', '', 1920, 2560, '3.31826', '-76.63747333333335', '', '', '', '', 1),
(6491, 4193, '01/sound/sound7015.mp3', '2', '', 0, 0, '3.31826', '-76.63747333333335', '', '', '', '', 1),
(6492, 4194, '01/image/image7016.jpg', '1', '', 1920, 2560, '3.31806', '-76.63539333333333', '', '', '', '', 1),
(6493, 4194, '01/sound/sound7017.mp3', '2', '', 0, 0, '3.31806', '-76.63539333333333', '', '', '', '', 1),
(6494, 4195, '01/image/image7018.jpg', '1', '', 1920, 2560, '3.3180416666666663', '-76.63516333333334', '', '', '', '', 1),
(6495, 4195, '01/sound/sound7019.mp3', '2', '', 0, 0, '3.3180416666666663', '-76.63516333333334', '', '', '', '', 1),
(6496, 4196, '01/image/image7020.jpg', '1', '', 2560, 1920, '3.3180416666666663', '-76.63516333333334', '', '', '', '', 1),
(6497, 4196, '01/sound/sound7021.mp3', '2', '', 0, 0, '3.3180416666666663', '-76.63516333333334', '', '', '', '', 1),
(6498, 4197, '01/image/image7022.jpg', '1', '', 2560, 1920, '3.3190783333333336', '-76.63438833333333', '', '', '', '', 1),
(6499, 4197, '01/sound/sound7023.mp3', '2', '', 0, 0, '3.3190783333333336', '-76.63438833333333', '', '', '', '', 1),
(6500, 4198, '01/image/image7024.jpg', '1', '', 2560, 1920, '3.3213166666666667', '-76.63313', '', '', '', '', 1),
(6501, 4198, '01/sound/sound7025.mp3', '2', '', 0, 0, '3.3213166666666667', '-76.63313', '', '', '', '', 1),
(6502, 4199, '01/image/image7026.jpg', '1', '', 1920, 2560, '3.3213500000000002', '-76.633135', '', '', '', '', 1),
(6503, 4199, '01/sound/sound7027.mp3', '2', '', 0, 0, '3.3213500000000002', '-76.633135', '', '', '', '', 1),
(6504, 4200, '01/image/image7028.jpg', '1', '', 2560, 1920, '3.321436666666667', '-76.63317', '', '', '', '', 1),
(6505, 4200, '01/sound/sound7029.mp3', '2', '', 0, 0, '3.321436666666667', '-76.63317', '', '', '', '', 1),
(6506, 4201, '01/image/image7030.jpg', '1', '', 2560, 1920, '3.322073333333334', '-76.63028333333334', '', '', '', '', 1),
(6507, 4201, '01/sound/sound7031.mp3', '2', '', 0, 0, '3.322073333333334', '-76.63028333333334', '', '', '', '', 1),
(6508, 4202, '01/image/image7032.jpg', '1', '', 2560, 1920, '3.3221216666666664', '-76.63231333333333', '', '', '', '', 1),
(6509, 4202, '01/sound/sound7033.mp3', '2', '', 0, 0, '3.3221216666666664', '-76.63231333333333', '', '', '', '', 1),
(6510, 4203, '01/image/image7034.jpg', '1', '', 2560, 1920, '3.3245583333333335', '-76.62857666666667', '', '', '', '', 1);
INSERT INTO `attachment` (`attachment_id`, `message_id`, `filename`, `content_type`, `original_filename`, `image_width`, `image_height`, `latitude`, `longitude`, `gsm_info`, `date_time`, `map_address`, `map_filename`, `is_published`) VALUES
(6511, 4203, '01/sound/sound7035.mp3', '2', '', 0, 0, '3.3245583333333335', '-76.62857666666667', '', '', '', '', 1),
(6512, 4204, '01/image/image7036.jpg', '1', '', 1920, 2560, '3.3240550000000004', '-76.62784333333335', '', '', '', '', 1),
(6513, 4204, '01/sound/sound7037.mp3', '2', '', 0, 0, '3.3240550000000004', '-76.62784333333335', '', '', '', '', 1),
(6514, 4205, '01/image/image7038.jpg', '1', '', 2560, 1920, '3.3239599999999996', '-76.62777833333332', '', '', '', '', 1),
(6515, 4205, '01/sound/sound7039.mp3', '2', '', 0, 0, '3.3239599999999996', '-76.62777833333332', '', '', '', '', 1),
(6516, 4206, '01/image/image7040.jpg', '1', '', 2560, 1920, '3.3239599999999996', '-76.62777833333332', '', '', '', '', 1),
(6517, 4206, '01/sound/sound7041.mp3', '2', '', 0, 0, '3.3239599999999996', '-76.62777833333332', '', '', '', '', 1),
(6518, 4207, '01/image/image7042.jpg', '1', '', 2560, 1920, '3.323376666666667', '-76.62334333333334', '', '', '', '', 1),
(6519, 4207, '01/sound/sound7043.mp3', '2', '', 0, 0, '3.323376666666667', '-76.62334333333334', '', '', '', '', 1),
(6520, 4208, '01/image/image7044.jpg', '1', '', 2560, 1920, '3.323376666666667', '-76.62334333333334', '', '', '', '', 1),
(6521, 4208, '01/sound/sound7045.mp3', '2', '', 0, 0, '3.323376666666667', '-76.62334333333334', '', '', '', '', 1),
(6522, 4209, '01/image/image7046.jpg', '1', '', 2560, 1920, '3.3234199999999996', '-76.62330166666668', '', '', '', '', 1),
(6523, 4209, '01/sound/sound7047.mp3', '2', '', 0, 0, '3.3234199999999996', '-76.62330166666668', '', '', '', '', 1),
(6524, 4210, '01/image/image7048.jpg', '1', '', 2560, 1920, '3.325305', '-76.62195833333334', '', '', '', '', 1),
(6525, 4210, '01/sound/sound7049.mp3', '2', '', 0, 0, '3.325305', '-76.62195833333334', '', '', '', '', 1),
(6526, 4211, '01/image/image7050.jpg', '1', '', 2448, 3264, '3.4528628', '-76.53626255', '', '', '', '', 1),
(6527, 4211, '01/sound/sound7051.mp3', '2', '', 0, 0, '3.4528628', '-76.53626255', '', '', '', '', 1),
(6528, 4212, '01/image/image7052.jpg', '1', '', 2448, 3264, '3.4528628', '-76.53626255', '', '', '', '', 1),
(6529, 4212, '01/sound/sound7053.mp3', '2', '', 0, 0, '3.4528628', '-76.53626255', '', '', '', '', 1),
(6530, 4213, '01/image/image7054.jpg', '1', '', 2448, 3264, '3.33029611', '-76.6349823', '', '', '', '', 1),
(6531, 4213, '01/sound/sound7055.mp3', '2', '', 0, 0, '3.33029611', '-76.6349823', '', '', '', '', 1),
(6532, 4214, '01/image/image7056.jpg', '1', '', 3264, 2448, '3.33031874', '-76.63502347', '', '', '', '', 1),
(6533, 4214, '01/sound/sound7057.mp3', '2', '', 0, 0, '3.33031874', '-76.63502347', '', '', '', '', 1),
(6534, 4215, '01/image/image7058.jpg', '1', '', 2448, 3264, '3.33051738', '-76.63524567', '', '', '', '', 1),
(6535, 4215, '01/sound/sound7059.mp3', '2', '', 0, 0, '3.33051738', '-76.63524567', '', '', '', '', 1),
(6536, 4216, '01/image/image7060.jpg', '1', '', 2448, 3264, '3.33207649', '-76.63693121', '', '', '', '', 1),
(6537, 4216, '01/sound/sound7061.mp3', '2', '', 0, 0, '3.33207649', '-76.63693121', '', '', '', '', 1),
(6538, 4217, '01/image/image7062.jpg', '1', '', 2448, 3264, '3.33272981', '-76.63729172', '', '', '', '', 1),
(6539, 4217, '01/sound/sound7063.mp3', '2', '', 0, 0, '3.33272981', '-76.63729172', '', '', '', '', 1),
(6540, 4218, '01/image/image7064.jpg', '1', '', 2448, 3264, '3.332799', '-76.63754773', '', '', '', '', 1),
(6541, 4218, '01/sound/sound7065.mp3', '2', '', 0, 0, '3.332799', '-76.63754773', '', '', '', '', 1),
(6542, 4219, '01/image/image7066.jpg', '1', '', 2448, 3264, '3.33323502', '-76.63802963', '', '', '', '', 1),
(6543, 4219, '01/sound/sound7067.mp3', '2', '', 0, 0, '3.33323502', '-76.63802963', '', '', '', '', 1),
(6544, 4220, '01/image/image7068.jpg', '1', '', 2448, 3264, '3.33377526', '-76.63928473', '', '', '', '', 1),
(6545, 4220, '01/sound/sound7069.mp3', '2', '', 0, 0, '3.33377526', '-76.63928473', '', '', '', '', 1),
(6546, 4221, '01/image/image7070.jpg', '1', '', 2448, 3264, '3.33378949', '-76.6391696', '', '', '', '', 1),
(6547, 4221, '01/sound/sound7071.mp3', '2', '', 0, 0, '3.33378949', '-76.6391696', '', '', '', '', 1),
(6548, 4222, '01/image/image7072.jpg', '1', '', 2448, 3264, '3.33171773', '-76.63654005', '', '', '', '', 1),
(6549, 4222, '01/sound/sound7073.mp3', '2', '', 0, 0, '3.33171773', '-76.63654005', '', '', '', '', 1),
(6550, 4223, '01/image/image7074.jpg', '1', '', 2448, 3264, '3.33001434', '-76.63481734', '', '', '', '', 1),
(6551, 4223, '01/sound/sound7075.mp3', '2', '', 0, 0, '3.33001434', '-76.63481734', '', '', '', '', 1),
(6552, 4224, '01/image/image7076.jpg', '1', '', 2448, 3264, '3.32999355', '-76.63488204', '', '', '', '', 1),
(6553, 4224, '01/sound/sound7077.mp3', '2', '', 0, 0, '3.32999355', '-76.63488204', '', '', '', '', 1),
(6554, 4225, '01/image/image7078.jpg', '1', '', 2448, 3264, '3.33000163', '-76.63482735', '', '', '', '', 1),
(6555, 4225, '01/sound/sound7079.mp3', '2', '', 0, 0, '3.33000163', '-76.63482735', '', '', '', '', 1),
(6556, 4226, '01/image/image7080.jpg', '1', '', 2448, 3264, '3.32994085', '-76.6347235', '', '', '', '', 1),
(6557, 4226, '01/sound/sound7081.mp3', '2', '', 0, 0, '3.32994085', '-76.6347235', '', '', '', '', 1),
(6558, 4227, '01/image/image7082.jpg', '1', '', 2448, 3264, '3.32994085', '-76.6347235', '', '', '', '', 1),
(6559, 4227, '01/sound/sound7083.mp3', '2', '', 0, 0, '3.32994085', '-76.6347235', '', '', '', '', 1),
(6560, 4228, '01/image/image7084.jpg', '1', '', 2448, 3264, '3.32989914', '-76.63466857', '', '', '', '', 1),
(6561, 4228, '01/sound/sound7085.mp3', '2', '', 0, 0, '3.32989914', '-76.63466857', '', '', '', '', 1),
(6562, 4229, '01/image/image7086.jpg', '1', '', 2448, 3264, '3.32989914', '-76.63466857', '', '', '', '', 1),
(6563, 4229, '01/sound/sound7087.mp3', '2', '', 0, 0, '3.32989914', '-76.63466857', '', '', '', '', 1),
(6564, 4230, '01/image/image7088.jpg', '1', '', 2448, 3264, '3.32989688', '-76.63462335', '', '', '', '', 1),
(6565, 4230, '01/sound/sound7089.mp3', '2', '', 0, 0, '3.32989688', '-76.63462335', '', '', '', '', 1),
(6566, 4231, '01/image/image7090.jpg', '1', '', 2448, 3264, '3.32989688', '-76.63462335', '', '', '', '', 1),
(6567, 4231, '01/sound/sound7091.mp3', '2', '', 0, 0, '3.32989688', '-76.63462335', '', '', '', '', 1),
(6568, 4232, '01/image/image7092.jpg', '1', '', 2448, 3264, '3.3299554', '-76.63459247', '', '', '', '', 1),
(6569, 4232, '01/sound/sound7093.mp3', '2', '', 0, 0, '3.3299554', '-76.63459247', '', '', '', '', 1),
(6570, 4233, '01/image/image7094.jpg', '1', '', 2448, 3264, '3.32964237', '-76.63474919', '', '', '', '', 1),
(6571, 4233, '01/sound/sound7095.mp3', '2', '', 0, 0, '3.32964237', '-76.63474919', '', '', '', '', 1),
(6572, 4234, '01/image/image7096.jpg', '1', '', 2448, 3264, '3.32944956', '-76.63480774', '', '', '', '', 1),
(6573, 4234, '01/sound/sound7097.mp3', '2', '', 0, 0, '3.32944956', '-76.63480774', '', '', '', '', 1),
(6574, 4235, '01/image/image7098.jpg', '1', '', 2448, 3264, '3.32901982', '-76.6347073', '', '', '', '', 1),
(6575, 4235, '01/sound/sound7099.mp3', '2', '', 0, 0, '3.32901982', '-76.6347073', '', '', '', '', 1),
(6576, 4236, '01/image/image7100.jpg', '1', '', 2448, 3264, '3.32875497', '-76.63457551', '', '', '', '', 1),
(6577, 4236, '01/sound/sound7101.mp3', '2', '', 0, 0, '3.32875497', '-76.63457551', '', '', '', '', 1),
(6578, 4237, '01/image/image7102.jpg', '1', '', 2448, 3264, '3.32875065', '-76.63450439', '', '', '', '', 1),
(6579, 4237, '01/sound/sound7103.mp3', '2', '', 0, 0, '3.32875065', '-76.63450439', '', '', '', '', 1),
(6580, 4238, '01/image/image7104.jpg', '1', '', 2448, 3264, '3.32858734', '-76.63447796', '', '', '', '', 1),
(6581, 4238, '01/sound/sound7105.mp3', '2', '', 0, 0, '3.32858734', '-76.63447796', '', '', '', '', 1),
(6582, 4239, '01/image/image7106.jpg', '1', '', 2448, 3264, '3.32839059', '-76.63417009', '', '', '', '', 1),
(6583, 4239, '01/sound/sound7107.mp3', '2', '', 0, 0, '3.32839059', '-76.63417009', '', '', '', '', 1),
(6584, 4240, '01/image/image7108.jpg', '1', '', 2448, 3264, '3.32829055', '-76.63382846', '', '', '', '', 1),
(6585, 4240, '01/sound/sound7109.mp3', '2', '', 0, 0, '3.32829055', '-76.63382846', '', '', '', '', 1),
(6586, 4241, '01/image/image7110.jpg', '1', '', 2448, 3264, '3.32828067', '-76.63380102', '', '', '', '', 1),
(6587, 4241, '01/sound/sound7111.mp3', '2', '', 0, 0, '3.32828067', '-76.63380102', '', '', '', '', 1),
(6588, 4242, '01/image/image7112.jpg', '1', '', 3264, 2448, '3.28674824', '-76.52833949', '', '', '', '', 1),
(6589, 4242, '01/sound/sound7113.mp3', '2', '', 0, 0, '3.28674824', '-76.52833949', '', '', '', '', 1),
(6590, 4243, '01/image/image7114.jpg', '1', '', 2560, 1920, '3.3274466666666664', '-76.64449333333333', '', '', '', '', 1),
(6591, 4243, '01/sound/sound7115.mp3', '2', '', 0, 0, '3.3274466666666664', '-76.64449333333333', '', '', '', '', 1),
(6592, 4244, '01/image/image7116.jpg', '1', '', 2560, 1920, '3.3273783333333333', '-76.64437', '', '', '', '', 1),
(6593, 4244, '01/sound/sound7117.mp3', '2', '', 0, 0, '3.3273783333333333', '-76.64437', '', '', '', '', 1),
(6594, 4245, '01/image/image7118.jpg', '1', '', 1920, 2560, '3.3276383333333333', '-76.64339', '', '', '', '', 1),
(6595, 4245, '01/sound/sound7119.mp3', '2', '', 0, 0, '3.3276383333333333', '-76.64339', '', '', '', '', 1),
(6596, 4246, '01/image/image7120.jpg', '1', '', 2560, 1920, '3.3284100000000003', '-76.641825', '', '', '', '', 1),
(6597, 4246, '01/sound/sound7121.mp3', '2', '', 0, 0, '3.3284100000000003', '-76.641825', '', '', '', '', 1),
(6598, 4247, '01/image/image7122.jpg', '1', '', 2560, 1920, '3.3284549999999995', '-76.64128166666666', '', '', '', '', 1),
(6599, 4247, '01/sound/sound7123.mp3', '2', '', 0, 0, '3.3284549999999995', '-76.64128166666666', '', '', '', '', 1),
(6600, 4248, '01/image/image7124.jpg', '1', '', 2560, 1920, '3.3286900000000004', '-76.63956166666667', '', '', '', '', 1),
(6601, 4248, '01/sound/sound7125.mp3', '2', '', 0, 0, '3.3286900000000004', '-76.63956166666667', '', '', '', '', 1),
(6602, 4249, '01/image/image7126.jpg', '1', '', 2560, 1920, '3.3286900000000004', '-76.63956166666667', '', '', '', '', 1),
(6603, 4249, '01/sound/sound7127.mp3', '2', '', 0, 0, '3.3286900000000004', '-76.63956166666667', '', '', '', '', 1),
(6604, 4250, '01/image/image7128.jpg', '1', '', 1920, 2560, '3.328756666666666', '-76.63879666666666', '', '', '', '', 1),
(6605, 4250, '01/sound/sound7129.mp3', '2', '', 0, 0, '3.328756666666666', '-76.63879666666666', '', '', '', '', 1),
(6606, 4251, '01/image/image7130.jpg', '1', '', 2560, 1920, '3.328755', '-76.63868166666666', '', '', '', '', 1),
(6607, 4251, '01/sound/sound7131.mp3', '2', '', 0, 0, '3.328755', '-76.63868166666666', '', '', '', '', 1),
(6608, 4252, '01/image/image7132.jpg', '1', '', 2560, 1920, '3.328361666666667', '-76.63673999999999', '', '', '', '', 1),
(6609, 4252, '01/sound/sound7133.mp3', '2', '', 0, 0, '3.328361666666667', '-76.63673999999999', '', '', '', '', 1),
(6610, 4253, '01/image/image7134.jpg', '1', '', 2560, 1920, '3.31826', '-76.63747333333335', '', '', '', '', 1),
(6611, 4253, '01/sound/sound7135.mp3', '2', '', 0, 0, '3.31826', '-76.63747333333335', '', '', '', '', 1),
(6612, 4254, '01/image/image7136.jpg', '1', '', 1920, 2560, '3.31826', '-76.63747333333335', '', '', '', '', 1),
(6613, 4254, '01/sound/sound7137.mp3', '2', '', 0, 0, '3.31826', '-76.63747333333335', '', '', '', '', 1),
(6614, 4255, '01/image/image7138.jpg', '1', '', 1920, 2560, '3.31806', '-76.63539333333333', '', '', '', '', 1),
(6615, 4255, '01/sound/sound7139.mp3', '2', '', 0, 0, '3.31806', '-76.63539333333333', '', '', '', '', 1),
(6616, 4256, '01/image/image7140.jpg', '1', '', 1920, 2560, '3.3180416666666663', '-76.63516333333334', '', '', '', '', 1),
(6617, 4256, '01/sound/sound7141.mp3', '2', '', 0, 0, '3.3180416666666663', '-76.63516333333334', '', '', '', '', 1),
(6618, 4257, '01/image/image7142.jpg', '1', '', 2560, 1920, '3.3180416666666663', '-76.63516333333334', '', '', '', '', 1),
(6619, 4257, '01/sound/sound7143.mp3', '2', '', 0, 0, '3.3180416666666663', '-76.63516333333334', '', '', '', '', 1),
(6620, 4258, '01/image/image7144.jpg', '1', '', 2560, 1920, '3.3190783333333336', '-76.63438833333333', '', '', '', '', 1),
(6621, 4258, '01/sound/sound7145.mp3', '2', '', 0, 0, '3.3190783333333336', '-76.63438833333333', '', '', '', '', 1),
(6622, 4259, '01/image/image7146.jpg', '1', '', 2560, 1920, '3.3213166666666667', '-76.63313', '', '', '', '', 1),
(6623, 4259, '01/sound/sound7147.mp3', '2', '', 0, 0, '3.3213166666666667', '-76.63313', '', '', '', '', 1),
(6624, 4260, '01/image/image7148.jpg', '1', '', 1920, 2560, '3.3213500000000002', '-76.633135', '', '', '', '', 1),
(6625, 4260, '01/sound/sound7149.mp3', '2', '', 0, 0, '3.3213500000000002', '-76.633135', '', '', '', '', 1),
(6626, 4261, '01/image/image7150.jpg', '1', '', 2560, 1920, '3.321436666666667', '-76.63317', '', '', '', '', 1),
(6627, 4261, '01/sound/sound7151.mp3', '2', '', 0, 0, '3.321436666666667', '-76.63317', '', '', '', '', 1),
(6628, 4262, '01/image/image7152.jpg', '1', '', 2560, 1920, '3.322073333333334', '-76.63028333333334', '', '', '', '', 1),
(6629, 4262, '01/sound/sound7153.mp3', '2', '', 0, 0, '3.322073333333334', '-76.63028333333334', '', '', '', '', 1),
(6630, 4263, '01/image/image7154.jpg', '1', '', 2560, 1920, '3.3221216666666664', '-76.63231333333333', '', '', '', '', 1),
(6631, 4263, '01/sound/sound7155.mp3', '2', '', 0, 0, '3.3221216666666664', '-76.63231333333333', '', '', '', '', 1),
(6632, 4264, '01/image/image7156.jpg', '1', '', 2560, 1920, '3.3245583333333335', '-76.62857666666667', '', '', '', '', 1),
(6633, 4264, '01/sound/sound7157.mp3', '2', '', 0, 0, '3.3245583333333335', '-76.62857666666667', '', '', '', '', 1),
(6634, 4265, '01/image/image7158.jpg', '1', '', 1920, 2560, '3.3240550000000004', '-76.62784333333335', '', '', '', '', 1),
(6635, 4265, '01/sound/sound7159.mp3', '2', '', 0, 0, '3.3240550000000004', '-76.62784333333335', '', '', '', '', 1),
(6636, 4266, '01/image/image7160.jpg', '1', '', 2560, 1920, '3.3239599999999996', '-76.62777833333332', '', '', '', '', 1),
(6637, 4266, '01/sound/sound7161.mp3', '2', '', 0, 0, '3.3239599999999996', '-76.62777833333332', '', '', '', '', 1),
(6638, 4267, '01/image/image7162.jpg', '1', '', 2560, 1920, '3.3239599999999996', '-76.62777833333332', '', '', '', '', 1),
(6639, 4267, '01/sound/sound7163.mp3', '2', '', 0, 0, '3.3239599999999996', '-76.62777833333332', '', '', '', '', 1),
(6640, 4268, '01/image/image7164.jpg', '1', '', 2560, 1920, '3.323376666666667', '-76.62334333333334', '', '', '', '', 1),
(6641, 4268, '01/sound/sound7165.mp3', '2', '', 0, 0, '3.323376666666667', '-76.62334333333334', '', '', '', '', 1),
(6642, 4269, '01/image/image7166.jpg', '1', '', 2560, 1920, '3.323376666666667', '-76.62334333333334', '', '', '', '', 1),
(6643, 4269, '01/sound/sound7167.mp3', '2', '', 0, 0, '3.323376666666667', '-76.62334333333334', '', '', '', '', 1),
(6644, 4270, '01/image/image7168.jpg', '1', '', 2560, 1920, '3.3234199999999996', '-76.62330166666668', '', '', '', '', 1),
(6645, 4270, '01/sound/sound7169.mp3', '2', '', 0, 0, '3.3234199999999996', '-76.62330166666668', '', '', '', '', 1),
(6646, 4271, '01/image/image7170.jpg', '1', '', 2560, 1920, '3.325305', '-76.62195833333334', '', '', '', '', 1),
(6647, 4271, '01/sound/sound7171.mp3', '2', '', 0, 0, '3.325305', '-76.62195833333334', '', '', '', '', 1),
(6648, 4272, '01/image/image7172.jpg', '1', '', 1920, 2560, '3.3251950000000003', '-76.622155', '', '', '', '', 1),
(6649, 4272, '01/sound/sound7173.mp3', '2', '', 0, 0, '3.3251950000000003', '-76.622155', '', '', '', '', 1),
(6650, 4273, '01/image/image7174.jpg', '1', '', 2560, 1920, '3.3210783333333334', '-76.62676499999999', '', '', '', '', 1),
(6651, 4273, '01/sound/sound7175.mp3', '2', '', 0, 0, '3.3210783333333334', '-76.62676499999999', '', '', '', '', 1),
(6652, 4274, '01/image/image7176.jpg', '1', '', 2560, 1536, '3.340691374031666', '-76.53049642587871', '', '', '', '', 1),
(6653, 4274, '01/sound/sound7177.mp3', '2', '', 0, 0, '3.340691374031666', '-76.53049642587871', '', '', '', '', 1);

-- --------------------------------------------------------

--
-- Table structure for table `channel`
--

CREATE TABLE IF NOT EXISTS `channel` (
  `channel_id` smallint(5) unsigned NOT NULL AUTO_INCREMENT,
  `open_closed` tinyint(1) unsigned NOT NULL DEFAULT '0',
  `channel_name` varchar(255) NOT NULL DEFAULT '',
  `channel_folder` varchar(255) NOT NULL DEFAULT '',
  `file_index` bigint(20) NOT NULL DEFAULT '0',
  `channel_mail` varchar(255) NOT NULL DEFAULT '',
  `channel_pass` varchar(255) NOT NULL DEFAULT '',
  `show_time` tinyint(1) NOT NULL DEFAULT '1',
  `show_date` tinyint(1) NOT NULL DEFAULT '1',
  `show_sender` tinyint(1) NOT NULL DEFAULT '1',
  `background_color` varchar(6) NOT NULL DEFAULT 'FFFFFF',
  `text_color` varchar(6) NOT NULL DEFAULT '000000',
  `channel_description` text NOT NULL,
  `channel_description_color` varchar(6) NOT NULL DEFAULT '000000',
  `tag_color` varchar(20) NOT NULL DEFAULT '000000',
  `descriptor_color` varchar(20) NOT NULL DEFAULT '000000',
  `data_color` varchar(6) NOT NULL DEFAULT '000000',
  `legend_color` varchar(20) NOT NULL DEFAULT '000000',
  `is_crono` tinyint(1) NOT NULL DEFAULT '0',
  `is_visible` tinyint(1) NOT NULL DEFAULT '1',
  `is_ascending` tinyint(1) NOT NULL DEFAULT '0',
  `messages_per_page` smallint(6) NOT NULL DEFAULT '10',
  `is_active` tinyint(1) NOT NULL DEFAULT '1',
  `has_thumbnails` tinyint(1) NOT NULL DEFAULT '0',
  `is_study` tinyint(1) NOT NULL DEFAULT '0',
  `is_individual` tinyint(1) NOT NULL DEFAULT '0',
  `show_tags` tinyint(1) unsigned NOT NULL DEFAULT '1',
  `show_descriptors` tinyint(1) unsigned NOT NULL DEFAULT '0',
  `tag_mode` tinyint(1) unsigned NOT NULL DEFAULT '0',
  `show_map` tinyint(1) unsigned NOT NULL DEFAULT '0',
  `show_legend` tinyint(1) NOT NULL DEFAULT '0',
  `parent_channel_id` smallint(6) NOT NULL DEFAULT '-1',
  `allow_search` tinyint(1) unsigned NOT NULL DEFAULT '0',
  `tag_minimum_date` date NOT NULL DEFAULT '0000-00-00',
  `has_rss` tinyint(1) NOT NULL DEFAULT '0',
  `channel_pass_edit` varchar(100) NOT NULL DEFAULT '',
  `publish_default` tinyint(1) unsigned NOT NULL DEFAULT '1',
  `color_combination` smallint(5) unsigned NOT NULL DEFAULT '0',
  `phone_id` varchar(100) NOT NULL,
  `tag_list` text NOT NULL,
  PRIMARY KEY (`channel_id`)
) ENGINE=MyISAM  DEFAULT CHARSET=latin1 COMMENT='canales de comunicacion' AUTO_INCREMENT=7 ;

--
-- Dumping data for table `channel`
--

INSERT INTO `channel` (`channel_id`, `open_closed`, `channel_name`, `channel_folder`, `file_index`, `channel_mail`, `channel_pass`, `show_time`, `show_date`, `show_sender`, `background_color`, `text_color`, `channel_description`, `channel_description_color`, `tag_color`, `descriptor_color`, `data_color`, `legend_color`, `is_crono`, `is_visible`, `is_ascending`, `messages_per_page`, `is_active`, `has_thumbnails`, `is_study`, `is_individual`, `show_tags`, `show_descriptors`, `tag_mode`, `show_map`, `show_legend`, `parent_channel_id`, `allow_search`, `tag_minimum_date`, `has_rss`, `channel_pass_edit`, `publish_default`, `color_combination`, `phone_id`, `tag_list`) VALUES
(1, 0, 'General', '', 0, '', '', 1, 1, 1, 'FFFFFF', '000000', '', '000000', '0000FF', 'FF0000', '00FF00', '000000', 1, 1, 0, 10, 0, 0, 0, 0, 1, 0, 0, 0, 0, -1, 0, '0000-00-00', 0, '', 1, 0, '', ''),
(2, 0, '01', '01', 1, 'myemail@myserver.net', 'mypassword', 1, 1, 1, 'FFFFFF', '000000', '', '000000', '0000FF', 'FF0000', '00FF00', '000000', 0, 1, 0, 10, 1, 0, 0, 0, 1, 0, 0, 0, 0, 1, 0, '0000-00-00', 0, 'ojovoz01', 0, 0, '02', 'interview;report;survey'),
(5, 0, 'Proyecto Pance', '', 0, 'mail.tejiendofuturopance.org', '', 1, 1, 1, 'FFFFFF', '000000', '', '000000', '0000FF', 'FF0000', '00FF00', '000000', 1, 1, 0, 10, 0, 0, 0, 0, 1, 0, 0, 0, 0, -1, 0, '0000-00-00', 0, '', 1, 0, '05', ''),
(6, 0, '01', '01', 7177, 'tfpance@tejiendofuturopance.org', 'FvctJLkaAgH7&B', 1, 1, 1, 'FFFFFF', '000000', '', '000000', '0000FF', 'FF0000', '00FF00', '000000', 0, 1, 0, 10, 1, 0, 0, 0, 1, 0, 0, 0, 0, 5, 0, '0000-00-00', 0, 'ojovoz01', 1, 0, '01', 'conflictos; acciones; propuestas;contaminacion; calidad del agua; manejo de aguas residuales; servicio publico basura; seguridad; quemas; agua; consumo de sustancias;basura turismo;socializacion;problema;prueba;reporte;saludo;sugerencia');

-- --------------------------------------------------------

--
-- Table structure for table `comment`
--

CREATE TABLE IF NOT EXISTS `comment` (
  `comment_id` bigint(20) unsigned NOT NULL AUTO_INCREMENT,
  `message_id` bigint(20) unsigned NOT NULL DEFAULT '0',
  `user_name` varchar(20) NOT NULL,
  `comment_date` datetime NOT NULL DEFAULT '0000-00-00 00:00:00',
  `comment_text` text NOT NULL,
  PRIMARY KEY (`comment_id`)
) ENGINE=MyISAM  DEFAULT CHARSET=latin1 AUTO_INCREMENT=5 ;

-- --------------------------------------------------------

--
-- Table structure for table `global`
--

CREATE TABLE IF NOT EXISTS `global` (
  `global_id` int(10) unsigned NOT NULL AUTO_INCREMENT,
  `global_variable` varchar(200) NOT NULL DEFAULT '',
  `value` varchar(200) NOT NULL DEFAULT '',
  PRIMARY KEY (`global_id`)
) ENGINE=MyISAM  DEFAULT CHARSET=latin1 AUTO_INCREMENT=3 ;

--
-- Dumping data for table `global`
--

INSERT INTO `global` (`global_id`, `global_variable`, `value`) VALUES
(2, 'default_channel_id', '5');

-- --------------------------------------------------------

--
-- Table structure for table `message`
--

CREATE TABLE IF NOT EXISTS `message` (
  `message_id` bigint(20) unsigned NOT NULL AUTO_INCREMENT,
  `channel_id` smallint(5) unsigned NOT NULL DEFAULT '0',
  `message_text` text NOT NULL,
  `message_date` datetime NOT NULL DEFAULT '0000-00-00 00:00:00',
  `message_sender` varchar(255) NOT NULL DEFAULT '',
  `message_subject` varchar(255) NOT NULL DEFAULT '',
  `sender_email` varchar(255) NOT NULL DEFAULT '',
  `message_order` smallint(6) NOT NULL DEFAULT '0',
  PRIMARY KEY (`message_id`)
) ENGINE=MyISAM  DEFAULT CHARSET=latin1 COMMENT='mensajes de los canales' AUTO_INCREMENT=4275 ;

--
-- Dumping data for table `message`
--

INSERT INTO `message` (`message_id`, `channel_id`, `message_text`, `message_date`, `message_sender`, `message_subject`, `sender_email`, `message_order`) VALUES
(730, 6, '', '2015-09-09 14:07:53', 'guatin', '', '', 59),
(731, 6, '', '2015-09-14 08:13:13', 'guatin', '', '', 60),
(667, 6, '', '2015-07-07 14:53:17', 'Prueba', '', '', 3),
(668, 6, '', '2015-07-07 15:08:38', 'Prueba', '', '', 4),
(669, 6, '', '2015-07-07 15:36:38', 'Prueba', '', '', 5),
(732, 6, '', '2015-09-14 09:07:09', 'guatin', '', '', 61),
(675, 6, '', '2015-07-30 10:53:46', 'NLC', '', '', 8),
(676, 6, '', '2015-07-30 10:55:26', 'NLC', '', '', 9),
(677, 6, '', '2015-08-04 11:16:10', 'NLC', '', '', 10),
(722, 6, '', '2015-08-23 00:00:00', 'rivereo', '', '', 53),
(679, 6, '', '2015-08-11 14:43:42', 'Natalia Perez', '', '', 12),
(680, 6, '', '2015-08-11 15:08:10', 'Natalia Perez', '', '', 13),
(681, 6, '', '2015-08-11 16:27:38', 'Natalia Perez', '', '', 14),
(726, 6, '', '2015-09-07 13:24:13', 'guatin', '', '', 55),
(727, 6, '', '2015-09-08 11:01:46', 'guatin', '', '', 56),
(728, 6, '', '2015-09-08 11:04:03', 'guatin', '', '', 57),
(729, 6, '', '2015-09-09 11:42:48', 'guatin', '', '', 58),
(687, 6, '', '2015-08-13 18:02:19', 'NLC', '', '', 20),
(688, 6, '', '2015-08-13 18:03:25', 'NLC', '', '', 21),
(689, 6, '', '2015-08-20 10:15:49', 'javi', '', '', 22),
(725, 6, '', '2015-09-07 11:00:27', 'guatin', '', '', 54),
(694, 6, '', '2015-08-20 10:23:40', 'dicox', '', '', 25),
(695, 6, '', '2015-08-23 09:14:18', 'sarka', '', '', 26),
(696, 6, '', '2015-08-23 09:36:50', 'sarka', '', '', 27),
(697, 6, '', '2015-08-23 09:50:50', 'sarka', '', '', 28),
(698, 6, '', '2015-08-23 10:19:42', 'sarka', '', '', 29),
(699, 6, '', '2015-08-23 10:29:04', 'sarka', '', '', 30),
(700, 6, '', '2015-08-23 11:30:51', 'macastel', '', '', 31),
(701, 6, '', '2015-08-23 11:34:18', 'macastel', '', '', 32),
(702, 6, '', '2015-08-23 11:37:12', 'fercha', '', '', 33),
(703, 6, '', '2015-08-23 11:38:40', 'fercha', '', '', 34),
(704, 6, '', '2015-08-23 11:50:13', 'fercha', '', '', 35),
(705, 6, '', '2015-08-23 12:13:26', 'macastel', '', '', 36),
(706, 6, '', '2015-08-23 12:27:26', 'macastel', '', '', 37),
(707, 6, '', '2015-08-23 12:28:50', 'macastel', '', '', 38),
(708, 6, '', '2015-08-23 12:50:52', 'Monica', '', '', 39),
(709, 6, '', '2015-08-23 12:52:06', 'Monica', '', '', 40),
(710, 6, '', '2015-08-23 12:54:50', 'Monica', '', '', 41),
(711, 6, '', '2015-08-23 13:03:16', 'macastel', '', '', 42),
(712, 6, '', '2015-08-23 13:46:58', 'macastel', '', '', 43),
(713, 6, '', '2015-08-23 13:55:53', 'macastel', '', '', 44),
(714, 6, '', '2015-08-23 13:56:31', 'macastel', '', '', 45),
(715, 6, '', '2015-08-23 14:32:49', 'macastel', '', '', 46),
(716, 6, '', '2015-08-23 14:49:56', 'macastel', '', '', 47),
(717, 6, '', '2015-08-23 15:03:12', 'macastel', '', '', 48),
(719, 6, '', '2015-08-24 09:03:54', 'rivereo', '', '', 50),
(720, 6, '', '2015-08-30 06:26:32', 'rivereo', '', '', 51),
(733, 6, '', '2015-09-14 09:46:13', 'luz yanten ', '', '', 62),
(734, 6, '', '2015-09-14 09:48:37', 'luz yanten ', '', '', 63),
(735, 6, '', '2015-09-14 09:53:12', 'luz yanten ', '', '', 64),
(736, 6, '', '2015-09-14 11:11:03', 'claudia tabares', '', '', 65),
(737, 6, '', '2015-09-15 10:55:09', 'claudia tabares', '', '', 66),
(738, 6, '', '2015-09-26 16:28:24', 'killa', '', '', 67),
(739, 6, '', '2015-09-26 16:29:02', 'killa', '', '', 68),
(740, 6, '', '2015-09-20 16:08:08', 'rivereo', '', '', 69),
(741, 6, '', '2015-11-19 10:39:00', 'Dicox', '', '', 70),
(742, 6, '', '2015-11-19 10:42:58', 'Dicox', '', '', 71),
(743, 6, '', '2015-11-19 11:16:16', 'Dicox', '', '', 72),
(744, 6, '', '2015-11-19 11:19:16', 'Dicox', '', '', 73),
(745, 6, '', '2015-11-19 11:21:34', 'Dicox', '', '', 74),
(746, 6, '', '2015-11-19 11:26:45', 'Dicox', '', '', 75),
(749, 6, '', '2016-03-11 15:40:47', 'JM', '', '', 78),
(748, 6, '', '2015-11-19 11:36:38', 'nlc', '', '', 77),
(750, 6, '', '2016-03-11 15:23:05', 'default', '', '', 79),
(751, 6, '', '2016-03-11 15:40:03', 'default', '', '', 80),
(752, 6, '', '2016-02-13 07:48:54', 'nlc', '', '', 81),
(753, 6, '', '2016-02-13 07:59:51', 'nlc', '', '', 82),
(754, 6, '', '2016-02-13 08:08:56', 'guatinnlc', '', '', 83),
(755, 6, '', '2016-02-13 09:03:23', 'guatinnlc', '', '', 84),
(756, 6, '', '2016-02-13 09:03:54', 'guatinnlc', '', '', 85),
(757, 6, '', '2016-02-13 09:12:43', 'guatinnlc', '', '', 86),
(758, 6, '', '2016-02-13 09:33:07', 'guatinnlc', '', '', 87),
(759, 6, '', '2016-02-13 09:33:42', 'guatinnlc', '', '', 88),
(760, 6, '', '2016-02-13 09:36:48', 'guatinnlc', '', '', 89),
(761, 6, '', '2016-02-13 09:38:01', 'guatinnlc', '', '', 90),
(762, 6, '', '2016-02-13 09:38:22', 'guatinnlc', '', '', 91),
(763, 6, '', '2016-02-13 09:38:53', 'guatinnlc', '', '', 92),
(764, 6, '', '2016-02-13 09:39:12', 'guatinnlc', '', '', 93),
(765, 6, '', '2016-02-13 09:40:33', 'guatinnlc', '', '', 94),
(766, 6, '', '2016-02-13 09:40:56', 'guatinnlc', '', '', 95),
(767, 6, '', '2016-02-13 10:23:57', 'guatinnlc', '', '', 96),
(768, 6, '', '2016-02-13 10:24:40', 'guatinnlc', '', '', 97),
(769, 6, '', '2016-02-13 10:25:12', 'guatinnlc', '', '', 98),
(770, 6, '', '2016-02-13 10:28:33', 'guatinnlc', '', '', 99),
(771, 6, '', '2016-02-13 10:30:31', 'guatinnlc', '', '', 100),
(772, 6, '', '2016-02-13 10:44:41', 'guatinnlc', '', '', 101),
(773, 6, '', '2016-02-13 10:49:23', 'guatinnlc', '', '', 102),
(774, 6, '', '2016-02-13 10:55:41', 'guatinnlc', '', '', 103),
(775, 6, '', '2016-02-13 10:56:07', 'guatinnlc', '', '', 104),
(776, 6, '', '2016-02-13 10:56:50', 'guatinnlc', '', '', 105),
(777, 6, '', '2016-02-13 10:57:28', 'guatinnlc', '', '', 106),
(778, 6, '', '2016-02-13 10:57:46', 'guatinnlc', '', '', 107),
(779, 6, '', '2016-02-13 11:35:37', 'guatinnlc', '', '', 108),
(780, 6, '', '2016-02-13 11:36:49', 'guatinnlc', '', '', 109),
(781, 6, '', '2016-02-13 11:39:24', 'guatinnlc', '', '', 110),
(782, 6, '', '2016-02-13 11:42:56', 'guatinnlc', '', '', 111),
(783, 6, '', '2016-02-13 12:33:13', 'guatinnlc', '', '', 112),
(784, 6, '', '2016-02-13 13:20:05', 'guatinnlc', '', '', 113),
(785, 6, '', '2016-02-13 16:08:20', 'guatinnlc', '', '', 114),
(786, 6, '', '2016-02-13 16:08:52', 'guatinnlc', '', '', 115),
(787, 6, '', '2016-02-13 16:19:59', 'guatinnlc', '', '', 116),
(788, 6, '', '2016-02-13 16:20:20', 'guatinnlc', '', '', 117),
(789, 6, '', '2016-02-13 16:20:42', 'guatinnlc', '', '', 118),
(790, 6, '', '2016-02-13 16:53:53', 'guatinnlc', '', '', 119),
(791, 6, '', '2016-02-13 17:03:01', 'guatinnlc', '', '', 120),
(792, 6, '', '2016-02-13 17:05:44', 'guatinnlc', '', '', 121),
(793, 6, '', '2016-03-11 14:57:38', 'guatinnlc', '', '', 122),
(794, 6, '', '2016-03-19 06:47:33', 'guatinnlc', '', '', 123),
(795, 6, '', '2016-03-19 07:12:08', 'garf', '', '', 124),
(796, 6, '', '2016-03-19 07:19:51', 'garf', '', '', 125),
(797, 6, '', '2016-03-19 07:24:41', 'garf', '', '', 126),
(798, 6, '', '2016-03-19 07:30:28', 'garf', '', '', 127),
(799, 6, '', '2016-03-19 07:33:54', 'garf', '', '', 128),
(800, 6, '', '2016-03-19 07:41:08', 'garf', '', '', 129),
(801, 6, '', '2016-03-19 07:47:48', 'garf', '', '', 130),
(802, 6, '', '2016-03-19 08:05:34', 'garf', '', '', 131),
(803, 6, '', '2016-03-19 08:09:14', 'garf', '', '', 132),
(804, 6, '', '2016-03-19 08:19:02', 'garf', '', '', 133),
(805, 6, '', '2016-03-19 08:20:56', 'garf', '', '', 134),
(806, 6, '', '2016-03-19 08:23:39', 'garf', '', '', 135),
(807, 6, '', '2016-03-19 08:26:28', 'garf', '', '', 136),
(808, 6, '', '2016-03-19 08:28:03', 'garf', '', '', 137),
(809, 6, '', '2016-03-19 08:32:07', 'garf', '', '', 138),
(810, 6, '', '2016-03-19 08:34:37', 'garf', '', '', 139),
(811, 6, '', '2016-03-19 08:35:29', 'garf', '', '', 140),
(812, 6, '', '2016-03-19 08:43:30', 'garf', '', '', 141),
(813, 6, '', '2016-03-19 08:51:48', 'garf', '', '', 142),
(814, 6, '', '2016-03-19 08:53:43', 'garf', '', '', 143),
(815, 6, '', '2016-03-19 09:21:44', 'garf', '', '', 144),
(816, 6, '', '2016-03-19 09:25:11', 'garf', '', '', 145),
(817, 6, '', '2016-03-19 09:26:39', 'garf', '', '', 146),
(818, 6, '', '2016-03-19 09:41:41', 'garf', '', '', 147),
(819, 6, '', '2016-03-19 09:49:22', 'garf', '', '', 148),
(820, 6, '', '2016-03-19 10:31:24', 'garf', '', '', 149),
(821, 6, '', '2016-03-19 10:33:50', 'garf', '', '', 150),
(822, 6, '', '2016-03-19 11:48:32', 'DG', '', '', 151),
(823, 6, '', '2016-03-19 12:20:14', 'DG', '', '', 152),
(824, 6, '', '2016-03-19 12:22:10', 'DG', '', '', 153),
(825, 6, '', '2016-03-19 14:37:29', 'DG', '', '', 154),
(826, 6, '', '2016-03-19 14:38:43', 'DG', '', '', 155),
(827, 6, '', '2016-03-19 15:10:16', 'evc', '', '', 156),
(828, 6, '', '2016-03-19 15:24:28', 'evc', '', '', 157),
(829, 6, '', '2016-03-19 15:25:12', 'evc', '', '', 158),
(831, 6, '', '2016-03-14 10:02:35', 'JM', '', '', 160),
(832, 6, '', '2016-03-19 07:06:27', 'DG', '', '', 161),
(833, 6, '', '2016-03-19 07:09:22', 'DG', '', '', 162),
(834, 6, '', '2016-03-19 07:13:08', 'DG', '', '', 163),
(835, 6, '', '2016-03-19 07:20:08', 'DG', '', '', 164),
(836, 6, '', '2016-03-19 07:21:58', 'DG', '', '', 165),
(837, 6, '', '2016-03-19 07:25:23', 'DG', '', '', 166),
(838, 6, '', '2016-03-19 07:27:31', 'DG', '', '', 167),
(839, 6, '', '2016-03-19 07:30:49', 'DG', '', '', 168),
(840, 6, '', '2016-03-19 07:38:34', 'DG', '', '', 169),
(841, 6, '', '2016-03-19 07:53:12', 'DG', '', '', 170),
(842, 6, '', '2016-03-19 08:00:24', 'DG', '', '', 171),
(843, 6, '', '2016-03-19 08:01:37', 'DG', '', '', 172),
(844, 6, '', '2016-03-19 08:02:57', 'DG', '', '', 173),
(845, 6, '', '2016-03-19 08:06:06', 'DG', '', '', 174),
(846, 6, '', '2016-03-19 08:07:06', 'DG', '', '', 175),
(847, 6, '', '2016-03-19 08:08:11', 'DG', '', '', 176),
(848, 6, '', '2016-03-19 08:09:24', 'DG', '', '', 177),
(849, 6, '', '2016-03-19 08:10:40', 'DG', '', '', 178),
(850, 6, '', '2016-03-19 08:11:39', 'DG', '', '', 179),
(851, 6, '', '2016-03-19 08:16:38', 'DG', '', '', 180),
(852, 6, '', '2016-03-19 08:20:02', 'DG', '', '', 181),
(853, 6, '', '2016-03-19 08:21:57', 'DG', '', '', 182),
(854, 6, '', '2016-03-19 08:24:06', 'DG', '', '', 183),
(856, 6, '', '2016-03-19 08:29:10', 'DG', '', '', 185),
(857, 6, '', '2016-03-19 08:30:17', 'DG', '', '', 186),
(861, 6, '', '2016-03-19 08:36:22', 'DG', '', '', 190),
(863, 6, '', '2016-03-19 08:38:07', 'DG', '', '', 192),
(865, 6, '', '2016-03-19 08:39:47', 'DG', '', '', 194),
(866, 6, '', '2016-03-19 08:41:27', 'DG', '', '', 195),
(869, 6, '', '2016-03-19 08:54:32', 'DG', '', '', 197),
(872, 6, '', '2016-03-19 08:56:35', 'DG', '', '', 199),
(874, 6, '', '2016-03-19 09:28:56', 'DG', '', '', 201),
(876, 6, '', '2016-03-19 09:30:28', 'DG', '', '', 203),
(878, 6, '', '2016-03-19 10:07:19', 'DG', '', '', 205),
(880, 6, '', '2016-03-19 10:31:17', 'DG', '', '', 207),
(933, 6, '', '2016-03-19 08:51:14', 'DG', '', '', 254),
(2020, 6, '', '2016-03-19 10:49:55', 'DG', '', '', 1278),
(2023, 6, '', '2016-03-14 10:01:38', 'JM', '', '', 1281),
(2092, 6, '', '2016-03-19 08:32:46', 'DG', '', '', 1345),
(2110, 6, '', '2016-03-19 07:20:08', 'DG', '', '', 1362),
(2133, 6, '', '2016-03-19 08:01:37', 'DG', '', '', 1384),
(2152, 6, '', '2016-03-19 07:21:58', 'DG', '', '', 1398),
(2170, 6, '', '2016-03-19 08:00:24', 'DG', '', '', 1412),
(2271, 6, '', '2016-03-19 11:22:44', 'DG', '', '', 1511),
(4273, 6, '', '2016-03-21 13:25:21', 'evc', '', '', 1512),
(4274, 6, '', '2016-06-15 14:34:29', 'guatin', '', '', 1513);

-- --------------------------------------------------------

--
-- Table structure for table `tag`
--

CREATE TABLE IF NOT EXISTS `tag` (
  `tag_id` mediumint(10) unsigned NOT NULL AUTO_INCREMENT,
  `tag_name` varchar(255) NOT NULL DEFAULT '',
  `times_clicked` smallint(5) NOT NULL DEFAULT '0',
  `tag_group_id` bigint(20) NOT NULL DEFAULT '-1',
  `in_map` tinyint(1) unsigned NOT NULL DEFAULT '1',
  `color_in_map` char(2) NOT NULL DEFAULT '16',
  `in_megafone` tinyint(4) NOT NULL DEFAULT '0',
  `is_study` tinyint(4) NOT NULL DEFAULT '0',
  PRIMARY KEY (`tag_id`)
) ENGINE=MyISAM  DEFAULT CHARSET=latin1 AUTO_INCREMENT=151 ;

--
-- Dumping data for table `tag`
--

INSERT INTO `tag` (`tag_id`, `tag_name`, `times_clicked`, `tag_group_id`, `in_map`, `color_in_map`, `in_megafone`, `is_study`) VALUES
(116, 'entrevista', 0, -1, 1, '01', 0, 0),
(117, 'prueba', 0, -1, 1, '05', 0, 0),
(118, 'cali', 0, -1, 1, '00', 0, 0),
(119, 'pance', 0, -1, 1, '03', 0, 0),
(120, 'socializac=\r\nin', 0, -1, 1, '08', 0, 0),
(121, 'socializacin', 0, -1, 1, '08', 0, 0),
(122, 'revitalizacion', 0, -1, 1, '03', 0, 0),
(123, 'investigacion', 0, -1, 1, '04', 0, 0),
(124, 'basura turismo', 0, -1, 1, '09', 0, 0),
(125, 'servicio publico basura', 0, -1, 1, '07', 0, 0),
(126, 'quemas', 0, -1, 1, '02', 0, 0),
(127, 'seguridad', 0, -1, 1, '04', 0, 0),
(128, 'consumo de sustancias', 0, -1, 1, '02', 0, 0),
(129, 'bas=\r\nura turismo', 0, -1, 1, '06', 0, 0),
(130, 'problema', 0, -1, 1, '09', 0, 0),
(131, 'movilidad', 0, -1, 1, '03', 0, 0),
(132, 'salud', 0, -1, 1, '06', 0, 0),
(133, 'participacin ciudadana', 0, -1, 1, '06', 0, 0),
(134, 'taller', 0, -1, 1, '06', 0, 0),
(135, 'turismo', 0, -1, 1, '09', 0, 0),
(136, 'contaminacion', 0, -1, 1, '07', 0, 0),
(137, 'basura', 0, -1, 1, '06', 0, 0),
(138, 'limpieza', 0, -1, 1, '06', 0, 0),
(139, 'colaboracion', 0, -1, 1, '00', 0, 0),
(140, 'contaminaci?n', 0, -1, 1, '06', 0, 0),
(141, 'acciones', 0, -1, 1, '06', 0, 0),
(142, 'reporte', 0, -1, 1, '06', 0, 0),
(143, 'comunlab', 0, -1, 1, '06', 0, 0),
(144, 'pro=\r\nblema', 0, -1, 1, '06', 0, 0),
(145, 'propuestas', 0, -1, 1, '06', 0, 0),
(146, 'monitoreo', 0, -1, 1, '06', 0, 0),
(147, 'agua', 0, -1, 1, '06', 0, 0),
(148, 'bocatoma', 0, -1, 1, '06', 0, 0),
(149, 'tejido social', 0, -1, 1, '06', 0, 0),
(150, 'poblacin', 0, -1, 1, '06', 0, 0);

-- --------------------------------------------------------

--
-- Table structure for table `tag_group`
--

CREATE TABLE IF NOT EXISTS `tag_group` (
  `tag_group_id` bigint(20) NOT NULL AUTO_INCREMENT,
  `tag_group_name` varchar(255) NOT NULL DEFAULT '0',
  `color_in_map` char(2) NOT NULL DEFAULT '16',
  `in_map` tinyint(4) NOT NULL DEFAULT '0',
  PRIMARY KEY (`tag_group_id`)
) ENGINE=MyISAM DEFAULT CHARSET=latin1 AUTO_INCREMENT=1 ;

-- --------------------------------------------------------

--
-- Table structure for table `tag_x_channel`
--

CREATE TABLE IF NOT EXISTS `tag_x_channel` (
  `tag_x_channel_id` mediumint(8) unsigned NOT NULL AUTO_INCREMENT,
  `channel_id` smallint(5) unsigned NOT NULL DEFAULT '0',
  `tag_id` mediumint(8) NOT NULL DEFAULT '-1',
  `tag_group_id` bigint(20) NOT NULL DEFAULT '-1',
  PRIMARY KEY (`tag_x_channel_id`)
) ENGINE=MyISAM DEFAULT CHARSET=latin1 AUTO_INCREMENT=1 ;

-- --------------------------------------------------------

--
-- Table structure for table `tag_x_language`
--

CREATE TABLE IF NOT EXISTS `tag_x_language` (
  `tag_x_language_id` bigint(20) unsigned NOT NULL AUTO_INCREMENT,
  `tag_id` mediumint(8) NOT NULL DEFAULT '0',
  `language_id` smallint(5) unsigned NOT NULL DEFAULT '0',
  `translation` varchar(200) NOT NULL DEFAULT '',
  PRIMARY KEY (`tag_x_language_id`)
) ENGINE=MyISAM DEFAULT CHARSET=latin1 AUTO_INCREMENT=1 ;

-- --------------------------------------------------------

--
-- Table structure for table `tag_x_message`
--

CREATE TABLE IF NOT EXISTS `tag_x_message` (
  `tag_x_message_id` bigint(20) unsigned NOT NULL AUTO_INCREMENT,
  `tag_id` bigint(20) NOT NULL DEFAULT '0',
  `message_id` bigint(20) NOT NULL DEFAULT '0',
  `from_mobile` tinyint(1) unsigned NOT NULL DEFAULT '0',
  PRIMARY KEY (`tag_x_message_id`)
) ENGINE=MyISAM  DEFAULT CHARSET=latin1 AUTO_INCREMENT=4664 ;

--
-- Dumping data for table `tag_x_message`
--

INSERT INTO `tag_x_message` (`tag_x_message_id`, `tag_id`, `message_id`, `from_mobile`) VALUES
(1107, 133, 680, 0),
(1105, 133, 681, 0),
(1099, 130, 715, 0),
(1097, 131, 717, 0),
(1041, 121, 669, 0),
(1043, 121, 668, 0),
(1040, 117, 669, 0),
(1047, 121, 667, 0),
(1042, 117, 668, 0),
(1046, 117, 667, 0),
(1049, 121, 675, 1),
(1054, 121, 676, 0),
(1053, 122, 676, 0),
(1055, 123, 677, 1),
(1153, 141, 735, 1),
(1155, 141, 737, 1),
(1147, 117, 729, 1),
(1149, 117, 731, 1),
(1151, 141, 733, 1),
(1152, 141, 734, 1),
(1066, 121, 687, 0),
(1142, 121, 688, 0),
(1065, 121, 689, 0),
(1145, 142, 727, 1),
(1143, 117, 725, 1),
(1072, 117, 694, 1),
(1137, 124, 695, 0),
(1074, 124, 696, 1),
(1075, 124, 697, 1),
(1135, 124, 698, 0),
(1077, 124, 699, 1),
(1134, 122, 700, 0),
(1079, 121, 701, 1),
(1136, 122, 698, 0),
(1130, 138, 704, 0),
(1127, 137, 706, 0),
(1083, 124, 708, 1),
(1084, 124, 709, 1),
(1085, 124, 710, 1),
(1086, 126, 711, 1),
(1087, 127, 712, 1),
(1088, 124, 713, 1),
(1098, 132, 715, 0),
(1090, 125, 716, 1),
(1096, 121, 717, 0),
(1139, 128, 722, 0),
(1095, 124, 719, 0),
(1094, 130, 720, 1),
(1106, 134, 681, 0),
(1108, 134, 680, 0),
(1109, 133, 679, 0),
(1110, 134, 679, 0),
(1148, 117, 730, 1),
(1150, 117, 732, 1),
(1146, 142, 728, 1),
(1154, 141, 736, 1),
(1144, 141, 726, 1),
(1124, 135, 714, 0),
(1125, 130, 714, 0),
(1126, 136, 707, 0),
(1128, 136, 705, 0),
(1129, 135, 705, 0),
(1131, 139, 704, 0),
(1132, 122, 703, 0),
(1133, 139, 703, 0),
(1138, 122, 695, 0),
(1156, 143, 738, 1),
(1157, 143, 739, 1),
(4658, 130, 740, 0),
(1159, 141, 741, 1),
(1160, 141, 742, 1),
(1161, 141, 743, 1),
(1162, 141, 744, 1),
(1163, 145, 745, 1),
(1164, 145, 746, 1),
(4538, 117, 749, 0),
(1166, 141, 748, 1),
(1168, 117, 750, 1),
(1169, 117, 751, 1),
(1170, 146, 752, 1),
(1171, 130, 754, 1),
(1172, 130, 755, 1),
(1173, 130, 756, 1),
(1174, 130, 757, 1),
(1175, 130, 758, 1),
(1176, 130, 759, 1),
(1177, 130, 760, 1),
(1178, 130, 761, 1),
(1179, 130, 763, 1),
(1180, 130, 764, 1),
(1181, 130, 765, 1),
(1182, 130, 766, 1),
(1183, 130, 767, 1),
(1184, 130, 769, 1),
(1185, 130, 770, 1),
(1186, 130, 771, 1),
(1187, 130, 772, 1),
(1188, 130, 773, 1),
(1189, 130, 774, 1),
(1190, 130, 775, 1),
(1191, 130, 776, 1),
(1192, 130, 777, 1),
(1193, 130, 779, 1),
(1194, 130, 780, 1),
(1195, 130, 781, 1),
(1196, 130, 782, 1),
(1197, 130, 783, 1),
(1198, 130, 784, 1),
(1199, 130, 785, 1),
(1200, 130, 786, 1),
(1201, 130, 787, 1),
(1202, 130, 788, 1),
(1203, 130, 789, 1),
(1204, 130, 790, 1),
(1205, 130, 791, 1),
(1206, 130, 792, 1),
(1207, 117, 793, 1),
(1208, 142, 794, 1),
(1209, 121, 795, 1),
(1210, 142, 796, 1),
(1211, 142, 797, 1),
(1212, 142, 798, 1),
(1213, 142, 799, 1),
(1214, 142, 800, 1),
(1215, 142, 801, 1),
(1216, 142, 802, 1),
(1217, 142, 803, 1),
(1218, 142, 804, 1),
(1219, 142, 805, 1),
(1220, 142, 806, 1),
(1221, 142, 807, 1),
(1222, 142, 808, 1),
(1223, 142, 809, 1),
(1224, 142, 810, 1),
(1225, 142, 811, 1),
(1226, 142, 812, 1),
(1227, 142, 813, 1),
(1228, 142, 814, 1),
(1229, 142, 815, 1),
(1230, 142, 816, 1),
(1231, 142, 818, 1),
(1232, 142, 819, 1),
(1233, 142, 820, 1),
(1234, 142, 821, 1),
(1235, 142, 822, 1),
(1236, 142, 823, 1),
(1237, 142, 824, 1),
(1238, 142, 825, 1),
(1239, 147, 826, 1),
(1240, 142, 827, 1),
(1241, 142, 828, 1),
(1242, 142, 829, 1),
(4547, 142, 4158, 1),
(1244, 117, 831, 1),
(1245, 121, 832, 1),
(1246, 142, 833, 1),
(1247, 142, 834, 1),
(1248, 142, 835, 1),
(1249, 142, 836, 1),
(1250, 142, 837, 1),
(1251, 142, 838, 1),
(1252, 142, 839, 1),
(1253, 142, 840, 1),
(1254, 142, 841, 1),
(1255, 142, 842, 1),
(1256, 142, 843, 1),
(1257, 142, 844, 1),
(1258, 142, 845, 1),
(1259, 142, 846, 1),
(1260, 142, 847, 1),
(1261, 142, 848, 1),
(1262, 142, 849, 1),
(1263, 142, 850, 1),
(1264, 142, 851, 1),
(1265, 142, 852, 1),
(1266, 142, 853, 1),
(1267, 142, 854, 1),
(4609, 142, 4222, 1),
(1269, 142, 856, 1),
(1270, 142, 857, 1),
(1271, 127, 858, 1),
(4595, 147, 4208, 1),
(1273, 117, 860, 1),
(1274, 142, 861, 1),
(1275, 121, 862, 1),
(1276, 142, 863, 1),
(1277, 142, 865, 1),
(1278, 142, 864, 1),
(1279, 142, 866, 1),
(1280, 142, 868, 1),
(1281, 142, 867, 1),
(1282, 142, 870, 1),
(1283, 142, 869, 1),
(4573, 147, 4184, 1),
(1285, 142, 872, 1),
(1286, 142, 873, 1),
(1287, 142, 874, 1),
(1288, 142, 875, 1),
(1289, 142, 876, 1),
(1290, 142, 877, 1),
(1291, 142, 878, 1),
(1292, 142, 879, 1),
(1293, 142, 880, 1),
(1294, 142, 881, 1),
(1295, 142, 883, 1),
(4552, 142, 4163, 1),
(1297, 142, 884, 1),
(1298, 127, 885, 1),
(1299, 117, 886, 1),
(1300, 142, 887, 1),
(1301, 121, 888, 1),
(1302, 142, 889, 1),
(1303, 142, 890, 1),
(1304, 142, 891, 1),
(1305, 142, 893, 1),
(1306, 142, 892, 1),
(1307, 142, 895, 1),
(1308, 142, 894, 1),
(1309, 142, 896, 1),
(1310, 142, 897, 1),
(1311, 142, 898, 1),
(1312, 142, 899, 1),
(1313, 142, 900, 1),
(1314, 142, 901, 1),
(1315, 142, 902, 1),
(1316, 142, 903, 1),
(1317, 142, 904, 1),
(1318, 142, 905, 1),
(1319, 142, 906, 1),
(1320, 127, 907, 1),
(1321, 142, 908, 1),
(1322, 142, 909, 1),
(1323, 117, 910, 1),
(1324, 142, 911, 1),
(1325, 142, 912, 1),
(1326, 121, 913, 1),
(1327, 142, 914, 1),
(1328, 142, 915, 1),
(1329, 142, 917, 1),
(1330, 142, 916, 1),
(1331, 142, 918, 1),
(1332, 142, 919, 1),
(1333, 142, 920, 1),
(1334, 142, 921, 1),
(1335, 142, 922, 1),
(1336, 142, 923, 1),
(1337, 142, 924, 1),
(1338, 142, 927, 1),
(1339, 142, 926, 1),
(1340, 142, 925, 1),
(1341, 142, 928, 1),
(1342, 142, 929, 1),
(1343, 142, 931, 1),
(1344, 142, 930, 1),
(1345, 142, 932, 1),
(1346, 142, 933, 1),
(1347, 142, 934, 1),
(1348, 142, 935, 1),
(1349, 142, 936, 1),
(1350, 142, 937, 1),
(1351, 142, 938, 1),
(1352, 142, 940, 1),
(1353, 142, 939, 1),
(1354, 142, 941, 1),
(1355, 142, 942, 1),
(1356, 142, 943, 1),
(1357, 142, 945, 1),
(1358, 142, 944, 1),
(1359, 142, 946, 1),
(1360, 142, 947, 1),
(1361, 142, 948, 1),
(1362, 142, 949, 1),
(1363, 142, 950, 1),
(1364, 142, 951, 1),
(1365, 142, 952, 1),
(1366, 142, 953, 1),
(1367, 142, 954, 1),
(1368, 142, 955, 1),
(1369, 142, 956, 1),
(1370, 142, 958, 1),
(1371, 142, 957, 1),
(1372, 142, 959, 1),
(1373, 142, 960, 1),
(1374, 142, 961, 1),
(1375, 142, 962, 1),
(1376, 127, 964, 1),
(1377, 142, 963, 1),
(1378, 142, 966, 1),
(1379, 142, 965, 1),
(1380, 117, 967, 1),
(1381, 142, 968, 1),
(1382, 142, 971, 1),
(1383, 121, 969, 1),
(1384, 142, 970, 1),
(1385, 142, 974, 1),
(1386, 142, 972, 1),
(1387, 142, 973, 1),
(1388, 142, 977, 1),
(1389, 142, 976, 1),
(1390, 142, 975, 1),
(1391, 142, 979, 1),
(1392, 142, 978, 1),
(1393, 142, 980, 1),
(1394, 142, 982, 1),
(1395, 142, 981, 1),
(1396, 142, 983, 1),
(1397, 142, 984, 1),
(1398, 142, 986, 1),
(1399, 142, 985, 1),
(1400, 127, 987, 1),
(1401, 117, 990, 1),
(1402, 142, 989, 1),
(1403, 142, 988, 1),
(1404, 121, 991, 1),
(1405, 142, 992, 1),
(1406, 142, 993, 1),
(1407, 142, 994, 1),
(1408, 142, 996, 1),
(1409, 142, 995, 1),
(1410, 142, 997, 1),
(1411, 142, 999, 1),
(1412, 142, 998, 1),
(1413, 142, 1000, 1),
(1414, 142, 1001, 1),
(1415, 142, 1003, 1),
(1416, 142, 1002, 1),
(1417, 142, 1004, 1),
(1418, 142, 1005, 1),
(1419, 142, 1006, 1),
(1420, 142, 1007, 1),
(1421, 142, 1008, 1),
(1422, 142, 1010, 1),
(1423, 142, 1009, 1),
(1424, 142, 1011, 1),
(1425, 142, 1013, 1),
(1426, 142, 1012, 1),
(1427, 142, 1014, 1),
(1428, 142, 1015, 1),
(1429, 142, 1016, 1),
(1430, 142, 1017, 1),
(1431, 142, 1018, 1),
(1432, 142, 1019, 1),
(1433, 142, 1020, 1),
(1434, 142, 1021, 1),
(1435, 142, 1022, 1),
(1436, 142, 1023, 1),
(1437, 142, 1024, 1),
(1438, 142, 1026, 1),
(1439, 142, 1025, 1),
(1440, 142, 1027, 1),
(1441, 142, 1028, 1),
(1442, 142, 1029, 1),
(1443, 142, 1030, 1),
(1444, 142, 1032, 1),
(1445, 142, 1031, 1),
(1446, 142, 1034, 1),
(1447, 142, 1033, 1),
(1448, 142, 1035, 1),
(1449, 142, 1036, 1),
(1450, 142, 1037, 1),
(1451, 142, 1038, 1),
(1452, 142, 1039, 1),
(1453, 142, 1040, 1),
(1454, 142, 1041, 1),
(1455, 142, 1042, 1),
(1456, 142, 1043, 1),
(1457, 142, 1044, 1),
(1458, 142, 1045, 1),
(1459, 142, 1046, 1),
(1460, 142, 1048, 1),
(1461, 142, 1047, 1),
(1462, 142, 1049, 1),
(1463, 142, 1050, 1),
(1464, 142, 1051, 1),
(1465, 142, 1052, 1),
(1466, 142, 1053, 1),
(1467, 142, 1054, 1),
(1468, 142, 1055, 1),
(1469, 142, 1056, 1),
(1470, 142, 1057, 1),
(1471, 142, 1058, 1),
(1472, 142, 1059, 1),
(1473, 142, 1061, 1),
(1474, 142, 1060, 1),
(1475, 142, 1062, 1),
(1476, 142, 1063, 1),
(1477, 142, 1064, 1),
(1478, 142, 1065, 1),
(1479, 142, 1066, 1),
(1480, 142, 1068, 1),
(1481, 142, 1069, 1),
(1482, 142, 1070, 1),
(1483, 127, 1072, 1),
(1484, 117, 1073, 1),
(1485, 121, 1074, 1),
(1486, 142, 1075, 1),
(1487, 142, 1076, 1),
(1488, 142, 1077, 1),
(1489, 142, 1078, 1),
(1490, 142, 1079, 1),
(1491, 142, 1080, 1),
(1492, 142, 1081, 1),
(1493, 142, 1082, 1),
(1494, 142, 1083, 1),
(1495, 142, 1084, 1),
(1496, 142, 1085, 1),
(1497, 142, 1086, 1),
(1498, 142, 1087, 1),
(1499, 142, 1088, 1),
(1500, 142, 1089, 1),
(1501, 142, 1090, 1),
(1502, 142, 1091, 1),
(1503, 142, 1092, 1),
(1504, 142, 1093, 1),
(1505, 142, 1094, 1),
(1506, 142, 1095, 1),
(1507, 142, 1096, 1),
(1508, 142, 1097, 1),
(1509, 142, 1098, 1),
(1510, 142, 1099, 1),
(1511, 142, 1100, 1),
(1512, 127, 1102, 1),
(1513, 142, 1101, 1),
(1514, 117, 1103, 1),
(1515, 142, 1104, 1),
(1516, 121, 1105, 1),
(1517, 142, 1106, 1),
(1518, 142, 1108, 1),
(1519, 142, 1107, 1),
(1520, 142, 1109, 1),
(1521, 142, 1110, 1),
(1522, 142, 1111, 1),
(1523, 142, 1112, 1),
(1524, 142, 1113, 1),
(1525, 142, 1114, 1),
(1526, 142, 1115, 1),
(1527, 142, 1116, 1),
(1528, 142, 1117, 1),
(1529, 142, 1118, 1),
(1530, 142, 1119, 1),
(1531, 142, 1120, 1),
(1532, 142, 1121, 1),
(1533, 142, 1122, 1),
(1534, 142, 1123, 1),
(1535, 142, 1125, 1),
(1536, 142, 1126, 1),
(1537, 142, 1127, 1),
(1538, 142, 1128, 1),
(1539, 127, 1129, 1),
(1540, 117, 1131, 1),
(1541, 142, 1130, 1),
(1542, 121, 1132, 1),
(1543, 142, 1133, 1),
(1544, 142, 1134, 1),
(1545, 142, 1135, 1),
(1546, 142, 1136, 1),
(1547, 142, 1137, 1),
(1548, 142, 1138, 1),
(1549, 142, 1140, 1),
(1550, 142, 1139, 1),
(1551, 142, 1141, 1),
(1552, 142, 1142, 1),
(1553, 142, 1143, 1),
(1554, 142, 1144, 1),
(1555, 142, 1145, 1),
(1556, 142, 1146, 1),
(1557, 142, 1147, 1),
(1558, 142, 1148, 1),
(1559, 142, 1149, 1),
(1560, 142, 1150, 1),
(1561, 142, 1151, 1),
(1562, 142, 1152, 1),
(1563, 142, 1153, 1),
(1564, 142, 1154, 1),
(1565, 142, 1155, 1),
(1566, 142, 1156, 1),
(1567, 142, 1157, 1),
(1568, 142, 1158, 1),
(1569, 127, 1159, 1),
(1570, 142, 1160, 1),
(1571, 142, 1161, 1),
(1572, 117, 1162, 1),
(1573, 142, 1163, 1),
(1574, 142, 1164, 1),
(1575, 121, 1165, 1),
(1576, 142, 1166, 1),
(1577, 142, 1167, 1),
(1578, 142, 1169, 1),
(1579, 142, 1168, 1),
(1580, 142, 1171, 1),
(1581, 142, 1170, 1),
(1582, 142, 1172, 1),
(1583, 142, 1173, 1),
(1584, 142, 1174, 1),
(1585, 142, 1175, 1),
(1586, 142, 1176, 1),
(1587, 142, 1178, 1),
(1588, 142, 1177, 1),
(1589, 142, 1179, 1),
(1590, 142, 1180, 1),
(1591, 142, 1181, 1),
(1592, 142, 1182, 1),
(1593, 142, 1183, 1),
(1594, 142, 1184, 1),
(1595, 142, 1185, 1),
(1596, 142, 1186, 1),
(1597, 142, 1187, 1),
(1598, 142, 1189, 1),
(1599, 142, 1190, 1),
(1600, 142, 1191, 1),
(1601, 142, 1192, 1),
(1602, 142, 1193, 1),
(1603, 142, 1194, 1),
(1604, 142, 1195, 1),
(1605, 142, 1196, 1),
(1606, 142, 1197, 1),
(1607, 142, 1198, 1),
(1608, 142, 1199, 1),
(1609, 142, 1200, 1),
(1610, 142, 1202, 1),
(1611, 142, 1201, 1),
(1612, 142, 1203, 1),
(1613, 142, 1204, 1),
(1614, 142, 1205, 1),
(1615, 127, 1207, 1),
(1616, 142, 1206, 1),
(1617, 142, 1208, 1),
(1618, 117, 1209, 1),
(1619, 142, 1210, 1),
(1620, 121, 1211, 1),
(1621, 142, 1212, 1),
(1622, 142, 1213, 1),
(1623, 142, 1215, 1),
(1624, 142, 1214, 1),
(1625, 142, 1216, 1),
(1626, 142, 1217, 1),
(1627, 142, 1218, 1),
(1628, 142, 1219, 1),
(1629, 142, 1220, 1),
(1630, 142, 1221, 1),
(1631, 142, 1222, 1),
(1632, 142, 1224, 1),
(1633, 142, 1223, 1),
(1634, 142, 1225, 1),
(1635, 142, 1228, 1),
(1636, 142, 1227, 1),
(1637, 142, 1229, 1),
(1638, 142, 1230, 1),
(1639, 142, 1231, 1),
(1640, 142, 1232, 1),
(1641, 127, 1233, 1),
(1642, 142, 1234, 1),
(1643, 117, 1236, 1),
(1644, 142, 1235, 1),
(1645, 142, 1237, 1),
(1646, 121, 1238, 1),
(1647, 142, 1239, 1),
(1648, 142, 1240, 1),
(1649, 142, 1242, 1),
(1650, 142, 1243, 1),
(1651, 142, 1241, 1),
(1652, 142, 1244, 1),
(1653, 142, 1245, 1),
(1654, 142, 1246, 1),
(1655, 142, 1248, 1),
(1656, 142, 1247, 1),
(1657, 142, 1249, 1),
(1658, 142, 1251, 1),
(1659, 142, 1250, 1),
(1660, 142, 1252, 1),
(1661, 142, 1253, 1),
(1662, 142, 1254, 1),
(1663, 142, 1255, 1),
(1664, 142, 1256, 1),
(1665, 142, 1257, 1),
(1666, 142, 1258, 1),
(1667, 142, 1259, 1),
(1668, 142, 1260, 1),
(1669, 142, 1261, 1),
(1670, 142, 1262, 1),
(1671, 142, 1263, 1),
(1672, 142, 1264, 1),
(1673, 142, 1265, 1),
(1674, 142, 1266, 1),
(1675, 142, 1267, 1),
(1676, 142, 1268, 1),
(1677, 142, 1269, 1),
(1678, 142, 1270, 1),
(1679, 142, 1271, 1),
(1680, 142, 1272, 1),
(1681, 142, 1273, 1),
(1682, 142, 1274, 1),
(1683, 142, 1275, 1),
(1684, 142, 1276, 1),
(1685, 142, 1277, 1),
(1686, 142, 1278, 1),
(1687, 142, 1279, 1),
(1688, 142, 1280, 1),
(1689, 142, 1281, 1),
(1690, 142, 1282, 1),
(1691, 142, 1283, 1),
(1692, 142, 1284, 1),
(1693, 142, 1285, 1),
(1694, 142, 1286, 1),
(1695, 142, 1287, 1),
(1696, 142, 1289, 1),
(1697, 142, 1288, 1),
(1698, 142, 1290, 1),
(1699, 142, 1291, 1),
(1700, 142, 1293, 1),
(1701, 142, 1292, 1),
(1702, 142, 1294, 1),
(1703, 142, 1295, 1),
(1704, 142, 1296, 1),
(1705, 142, 1297, 1),
(1706, 142, 1298, 1),
(1707, 142, 1299, 1),
(1708, 142, 1300, 1),
(1709, 142, 1301, 1),
(1710, 142, 1302, 1),
(1711, 142, 1304, 1),
(1712, 142, 1305, 1),
(1713, 142, 1306, 1),
(1714, 142, 1307, 1),
(1715, 142, 1308, 1),
(1716, 142, 1309, 1),
(1717, 142, 1310, 1),
(1718, 142, 1311, 1),
(1719, 142, 1312, 1),
(1720, 142, 1313, 1),
(1721, 142, 1314, 1),
(1722, 142, 1315, 1),
(1723, 127, 1317, 1),
(1724, 117, 1318, 1),
(1725, 121, 1319, 1),
(1726, 142, 1320, 1),
(1727, 142, 1321, 1),
(1728, 142, 1322, 1),
(1729, 142, 1323, 1),
(1730, 142, 1324, 1),
(1731, 142, 1325, 1),
(1732, 142, 1326, 1),
(1733, 142, 1327, 1),
(1734, 142, 1328, 1),
(1735, 142, 1329, 1),
(1736, 142, 1330, 1),
(1737, 142, 1331, 1),
(1738, 142, 1332, 1),
(1739, 142, 1333, 1),
(1740, 142, 1334, 1),
(1741, 142, 1335, 1),
(1742, 142, 1336, 1),
(1743, 142, 1337, 1),
(1744, 142, 1338, 1),
(1745, 142, 1339, 1),
(1746, 142, 1340, 1),
(1747, 142, 1341, 1),
(1748, 142, 1342, 1),
(1749, 142, 1343, 1),
(1750, 142, 1344, 1),
(1751, 127, 1345, 1),
(1752, 142, 1346, 1),
(1753, 117, 1347, 1),
(1754, 142, 1348, 1),
(1755, 121, 1349, 1),
(1756, 142, 1350, 1),
(1757, 142, 1352, 1),
(1758, 142, 1351, 1),
(1759, 142, 1354, 1),
(1760, 142, 1353, 1),
(1761, 142, 1355, 1),
(1762, 142, 1356, 1),
(1763, 142, 1357, 1),
(1764, 142, 1358, 1),
(1765, 142, 1359, 1),
(1766, 142, 1360, 1),
(1767, 142, 1361, 1),
(1768, 142, 1362, 1),
(1769, 142, 1364, 1),
(1770, 142, 1363, 1),
(1771, 142, 1365, 1),
(1772, 142, 1366, 1),
(1773, 142, 1367, 1),
(1774, 142, 1368, 1),
(1775, 142, 1370, 1),
(1776, 142, 1371, 1),
(1777, 127, 1372, 1),
(1778, 142, 1373, 1),
(1779, 117, 1374, 1),
(1780, 142, 1375, 1),
(1781, 121, 1376, 1),
(1782, 142, 1377, 1),
(1783, 142, 1379, 1),
(1784, 142, 1378, 1),
(1785, 142, 1380, 1),
(1786, 142, 1381, 1),
(1787, 142, 1382, 1),
(1788, 142, 1383, 1),
(1789, 142, 1384, 1),
(1790, 142, 1385, 1),
(1791, 142, 1386, 1),
(1792, 142, 1387, 1),
(1793, 142, 1388, 1),
(1794, 142, 1389, 1),
(1795, 142, 1391, 1),
(1796, 142, 1390, 1),
(1797, 142, 1392, 1),
(1798, 142, 1393, 1),
(1799, 142, 1394, 1),
(1800, 142, 1395, 1),
(1801, 142, 1396, 1),
(1802, 142, 1397, 1),
(1803, 142, 1399, 1),
(1804, 142, 1398, 1),
(1805, 142, 1400, 1),
(1806, 142, 1401, 1),
(1807, 142, 1402, 1),
(1808, 142, 1403, 1),
(1809, 127, 1404, 1),
(1810, 142, 1405, 1),
(1811, 117, 1406, 1),
(1812, 142, 1407, 1),
(1813, 142, 1408, 1),
(1814, 121, 1409, 1),
(1815, 142, 1410, 1),
(1816, 142, 1411, 1),
(1817, 142, 1413, 1),
(1818, 142, 1412, 1),
(1819, 142, 1415, 1),
(1820, 142, 1414, 1),
(1821, 142, 1416, 1),
(1822, 142, 1417, 1),
(1823, 142, 1419, 1),
(1824, 142, 1418, 1),
(1825, 142, 1421, 1),
(1826, 142, 1420, 1),
(1827, 142, 1423, 1),
(1828, 142, 1424, 1),
(1829, 142, 1425, 1),
(1830, 142, 1426, 1),
(1831, 142, 1427, 1),
(1832, 142, 1422, 1),
(1833, 142, 1428, 1),
(1834, 142, 1429, 1),
(1835, 142, 1430, 1),
(1836, 142, 1431, 1),
(1837, 142, 1432, 1),
(1838, 142, 1433, 1),
(1839, 142, 1434, 1),
(1840, 142, 1435, 1),
(1841, 142, 1436, 1),
(1842, 142, 1437, 1),
(1843, 142, 1438, 1),
(1844, 142, 1439, 1),
(1845, 142, 1440, 1),
(1846, 142, 1441, 1),
(1847, 142, 1442, 1),
(1848, 142, 1443, 1),
(1849, 142, 1445, 1),
(1850, 142, 1444, 1),
(1851, 142, 1446, 1),
(1852, 142, 1447, 1),
(1853, 142, 1449, 1),
(1854, 142, 1448, 1),
(1855, 142, 1450, 1),
(1856, 142, 1452, 1),
(1857, 142, 1451, 1),
(1858, 142, 1453, 1),
(1859, 142, 1454, 1),
(1860, 142, 1455, 1),
(1861, 142, 1456, 1),
(1862, 142, 1457, 1),
(1863, 142, 1458, 1),
(1864, 142, 1459, 1),
(1865, 142, 1460, 1),
(1866, 142, 1461, 1),
(1867, 142, 1462, 1),
(1868, 142, 1463, 1),
(1869, 142, 1464, 1),
(1870, 142, 1465, 1),
(1871, 142, 1466, 1),
(1872, 142, 1467, 1),
(1873, 142, 1468, 1),
(1874, 142, 1469, 1),
(1875, 142, 1470, 1),
(1876, 142, 1471, 1),
(1877, 142, 1472, 1),
(1878, 142, 1473, 1),
(1879, 142, 1474, 1),
(1880, 142, 1475, 1),
(1881, 142, 1476, 1),
(1882, 142, 1477, 1),
(1883, 142, 1478, 1),
(1884, 127, 1479, 1),
(1885, 117, 1480, 1),
(1886, 121, 1481, 1),
(1887, 142, 1482, 1),
(1888, 142, 1483, 1),
(1889, 142, 1484, 1),
(1890, 142, 1485, 1),
(1891, 142, 1486, 1),
(1892, 142, 1487, 1),
(1893, 142, 1488, 1),
(1894, 142, 1489, 1),
(1895, 142, 1490, 1),
(1896, 142, 1491, 1),
(1897, 142, 1492, 1),
(1898, 142, 1493, 1),
(1899, 142, 1494, 1),
(1900, 142, 1495, 1),
(1901, 142, 1496, 1),
(1902, 142, 1497, 1),
(1903, 142, 1498, 1),
(1904, 142, 1499, 1),
(1905, 142, 1500, 1),
(1906, 142, 1501, 1),
(1907, 142, 1502, 1),
(1908, 142, 1503, 1),
(1909, 142, 1504, 1),
(1910, 142, 1505, 1),
(1911, 142, 1506, 1),
(1912, 142, 1507, 1),
(1913, 127, 1508, 1),
(1914, 142, 1509, 1),
(1915, 117, 1510, 1),
(1916, 142, 1511, 1),
(1917, 121, 1512, 1),
(1918, 142, 1513, 1),
(1919, 142, 1515, 1),
(1920, 142, 1514, 1),
(1921, 142, 1516, 1),
(1922, 142, 1517, 1),
(1923, 142, 1518, 1),
(1924, 142, 1520, 1),
(1925, 142, 1519, 1),
(1926, 142, 1521, 1),
(1927, 142, 1522, 1),
(1928, 142, 1523, 1),
(1929, 142, 1524, 1),
(1930, 142, 1525, 1),
(1931, 142, 1526, 1),
(1932, 142, 1527, 1),
(1933, 142, 1528, 1),
(1934, 142, 1529, 1),
(1935, 142, 1531, 1),
(1936, 142, 1532, 1),
(1937, 142, 1533, 1),
(1938, 142, 1534, 1),
(1939, 142, 1535, 1),
(1940, 142, 1536, 1),
(1941, 142, 1537, 1),
(1942, 142, 1538, 1),
(1943, 142, 1539, 1),
(1944, 127, 1541, 1),
(1945, 142, 1540, 1),
(1946, 117, 1542, 1),
(1947, 142, 1543, 1),
(1948, 121, 1544, 1),
(1949, 142, 1545, 1),
(1950, 142, 1547, 1),
(1951, 142, 1546, 1),
(1952, 142, 1548, 1),
(1953, 142, 1549, 1),
(1954, 142, 1551, 1),
(1955, 142, 1550, 1),
(1956, 142, 1552, 1),
(1957, 142, 1553, 1),
(1958, 142, 1554, 1),
(1959, 142, 1555, 1),
(1960, 142, 1556, 1),
(1961, 142, 1557, 1),
(1962, 142, 1558, 1),
(1963, 142, 1559, 1),
(1964, 142, 1560, 1),
(1965, 142, 1561, 1),
(1966, 142, 1562, 1),
(1967, 142, 1563, 1),
(1968, 142, 1564, 1),
(1969, 142, 1565, 1),
(1970, 142, 1566, 1),
(1971, 142, 1568, 1),
(1972, 142, 1567, 1),
(1973, 142, 1570, 1),
(1974, 142, 1569, 1),
(1975, 142, 1571, 1),
(1976, 142, 1572, 1),
(1977, 142, 1573, 1),
(1978, 142, 1574, 1),
(1979, 142, 1575, 1),
(1980, 142, 1576, 1),
(1981, 142, 1577, 1),
(1982, 142, 1578, 1),
(1983, 127, 1580, 1),
(1984, 142, 1579, 1),
(1985, 142, 1581, 1),
(1986, 117, 1582, 1),
(1987, 142, 1583, 1),
(1988, 121, 1584, 1),
(1989, 142, 1585, 1),
(1990, 142, 1587, 1),
(1991, 142, 1586, 1),
(1992, 142, 1588, 1),
(1993, 142, 1589, 1),
(1994, 142, 1590, 1),
(1995, 142, 1591, 1),
(1996, 142, 1592, 1),
(1997, 142, 1593, 1),
(1998, 142, 1594, 1),
(1999, 142, 1595, 1),
(2000, 142, 1596, 1),
(2001, 142, 1597, 1),
(2002, 142, 1598, 1),
(2003, 142, 1599, 1),
(2004, 142, 1600, 1),
(2005, 142, 1601, 1),
(2006, 142, 1602, 1),
(2007, 142, 1604, 1),
(2008, 142, 1603, 1),
(2009, 142, 1605, 1),
(2010, 142, 1606, 1),
(2011, 142, 1607, 1),
(2012, 142, 1608, 1),
(2013, 142, 1609, 1),
(2014, 142, 1610, 1),
(2015, 127, 1612, 1),
(2016, 142, 1611, 1),
(2017, 142, 1613, 1),
(2018, 117, 1614, 1),
(2019, 142, 1615, 1),
(2020, 142, 1616, 1),
(2021, 121, 1617, 1),
(2022, 142, 1618, 1),
(2023, 142, 1619, 1),
(2024, 142, 1621, 1),
(2025, 142, 1622, 1),
(2026, 142, 1620, 1),
(2027, 142, 1623, 1),
(2028, 142, 1626, 1),
(2029, 142, 1625, 1),
(2030, 142, 1624, 1),
(2031, 142, 1627, 1),
(2032, 142, 1628, 1),
(2033, 142, 1629, 1),
(2034, 142, 1630, 1),
(2035, 142, 1632, 1),
(2036, 142, 1631, 1),
(2037, 127, 1635, 1),
(2038, 142, 1634, 1),
(2039, 117, 1636, 1),
(2040, 142, 1633, 1),
(2041, 142, 1639, 1),
(2042, 142, 1637, 1),
(2043, 121, 1638, 1),
(2044, 142, 1640, 1),
(2045, 142, 1641, 1),
(2046, 142, 1642, 1),
(2047, 142, 1643, 1),
(2048, 142, 1644, 1),
(2049, 142, 1645, 1),
(2050, 142, 1646, 1),
(2051, 142, 1647, 1),
(2052, 142, 1648, 1),
(2053, 142, 1649, 1),
(2054, 142, 1651, 1),
(2055, 142, 1650, 1),
(2056, 142, 1652, 1),
(2057, 142, 1654, 1),
(2058, 142, 1655, 1),
(2059, 142, 1653, 1),
(2060, 142, 1656, 1),
(2061, 142, 1657, 1),
(2062, 142, 1658, 1),
(2063, 142, 1659, 1),
(2064, 142, 1660, 1),
(2065, 142, 1662, 1),
(2066, 142, 1661, 1),
(2067, 142, 1663, 1),
(2068, 142, 1664, 1),
(2069, 142, 1665, 1),
(2070, 142, 1666, 1),
(2071, 142, 1667, 1),
(2072, 142, 1668, 1),
(2073, 142, 1669, 1),
(2074, 142, 1671, 1),
(2075, 142, 1670, 1),
(2076, 142, 1672, 1),
(2077, 142, 1673, 1),
(2078, 142, 1674, 1),
(2079, 142, 1675, 1),
(2080, 142, 1676, 1),
(2081, 142, 1677, 1),
(2082, 142, 1679, 1),
(2083, 142, 1678, 1),
(2084, 142, 1680, 1),
(2085, 142, 1681, 1),
(2086, 142, 1683, 1),
(2087, 142, 1684, 1),
(2088, 142, 1685, 1),
(2089, 142, 1686, 1),
(2090, 142, 1687, 1),
(2091, 142, 1688, 1),
(2092, 142, 1689, 1),
(2093, 142, 1691, 1),
(2094, 142, 1690, 1),
(2095, 142, 1692, 1),
(2096, 142, 1693, 1),
(2097, 142, 1694, 1),
(2098, 142, 1696, 1),
(2099, 142, 1695, 1),
(2100, 142, 1697, 1),
(2101, 142, 1698, 1),
(2102, 142, 1699, 1),
(2103, 142, 1700, 1),
(2104, 142, 1701, 1),
(2105, 142, 1702, 1),
(2106, 142, 1703, 1),
(2107, 142, 1704, 1),
(2108, 142, 1705, 1),
(2109, 142, 1706, 1),
(2110, 142, 1707, 1),
(2111, 142, 1708, 1),
(2112, 142, 1709, 1),
(2113, 142, 1710, 1),
(2114, 142, 1712, 1),
(2115, 142, 1711, 1),
(2116, 142, 1713, 1),
(2117, 142, 1715, 1),
(2118, 142, 1716, 1),
(2119, 142, 1717, 1),
(2120, 142, 1718, 1),
(2121, 142, 1719, 1),
(2122, 142, 1720, 1),
(2123, 142, 1721, 1),
(2124, 142, 1722, 1),
(2125, 142, 1723, 1),
(2126, 127, 1724, 1),
(2127, 117, 1725, 1),
(2128, 121, 1726, 1),
(2129, 142, 1727, 1),
(2130, 142, 1728, 1),
(2131, 142, 1729, 1),
(2132, 142, 1730, 1),
(2133, 142, 1731, 1),
(2134, 142, 1732, 1),
(2135, 142, 1733, 1),
(2136, 142, 1734, 1),
(2137, 142, 1735, 1),
(2138, 142, 1736, 1),
(2139, 142, 1737, 1),
(2140, 142, 1738, 1),
(2141, 142, 1739, 1),
(2142, 142, 1740, 1),
(2143, 142, 1741, 1),
(2144, 142, 1742, 1),
(2145, 142, 1743, 1),
(2146, 142, 1744, 1),
(2147, 142, 1745, 1),
(2148, 142, 1746, 1),
(2149, 142, 1747, 1),
(2150, 142, 1748, 1),
(2151, 142, 1749, 1),
(2152, 142, 1750, 1),
(2153, 142, 1751, 1),
(2154, 127, 1753, 1),
(2155, 142, 1752, 1),
(2156, 117, 1754, 1),
(2157, 142, 1755, 1),
(2158, 121, 1756, 1),
(2159, 142, 1757, 1),
(2160, 142, 1758, 1),
(2161, 142, 1759, 1),
(2162, 142, 1760, 1),
(2163, 142, 1761, 1),
(2164, 142, 1762, 1),
(2165, 142, 1763, 1),
(2166, 142, 1764, 1),
(2167, 142, 1765, 1),
(2168, 142, 1767, 1),
(2169, 142, 1766, 1),
(2170, 142, 1768, 1),
(2171, 142, 1769, 1),
(2172, 142, 1770, 1),
(2173, 142, 1771, 1),
(2174, 142, 1772, 1),
(2175, 142, 1773, 1),
(2176, 142, 1774, 1),
(2177, 142, 1775, 1),
(2178, 142, 1776, 1),
(2179, 142, 1777, 1),
(2180, 142, 1778, 1),
(2181, 142, 1779, 1),
(2182, 142, 1780, 1),
(2183, 142, 1781, 1),
(2184, 142, 1782, 1),
(2185, 142, 1783, 1),
(2186, 142, 1784, 1),
(2187, 142, 1785, 1),
(2188, 142, 1786, 1),
(2189, 142, 1787, 1),
(2190, 127, 1788, 1),
(2191, 142, 1789, 1),
(2192, 117, 1790, 1),
(2193, 142, 1791, 1),
(2194, 121, 1792, 1),
(2195, 142, 1793, 1),
(2196, 142, 1795, 1),
(2197, 142, 1794, 1),
(2198, 142, 1797, 1),
(2199, 142, 1796, 1),
(2200, 142, 1798, 1),
(2201, 142, 1799, 1),
(2202, 142, 1800, 1),
(2203, 142, 1801, 1),
(2204, 142, 1802, 1),
(2205, 142, 1803, 1),
(2206, 142, 1804, 1),
(2207, 142, 1806, 1),
(2208, 142, 1805, 1),
(2209, 142, 1807, 1),
(2210, 142, 1808, 1),
(2211, 142, 1809, 1),
(2212, 142, 1810, 1),
(2213, 142, 1811, 1),
(2214, 142, 1812, 1),
(2215, 127, 1813, 1),
(2216, 142, 1814, 1),
(2217, 142, 1815, 1),
(2218, 117, 1816, 1),
(2219, 142, 1818, 1),
(2220, 142, 1820, 1),
(2221, 142, 1821, 1),
(2222, 142, 1822, 1),
(2223, 142, 1823, 1),
(2224, 142, 1817, 1),
(2225, 121, 1819, 1),
(2226, 142, 1825, 1),
(2227, 142, 1826, 1),
(2228, 142, 1827, 1),
(2229, 142, 1824, 1),
(2230, 142, 1828, 1),
(2231, 142, 1829, 1),
(2232, 142, 1831, 1),
(2233, 142, 1830, 1),
(2234, 142, 1833, 1),
(2235, 142, 1834, 1),
(2236, 142, 1835, 1),
(2237, 142, 1836, 1),
(2238, 142, 1838, 1),
(2239, 142, 1837, 1),
(2240, 127, 1839, 1),
(2241, 142, 1840, 1),
(2242, 117, 1842, 1),
(2243, 142, 1841, 1),
(2244, 142, 1843, 1),
(2245, 121, 1844, 1),
(2246, 142, 1845, 1),
(2247, 142, 1846, 1),
(2248, 142, 1847, 1),
(2249, 142, 1849, 1),
(2250, 142, 1848, 1),
(2251, 142, 1850, 1),
(2252, 142, 1851, 1),
(2253, 142, 1852, 1),
(2254, 142, 1853, 1),
(2255, 142, 1854, 1),
(2256, 142, 1855, 1),
(2257, 142, 1856, 1),
(2258, 142, 1857, 1),
(2259, 142, 1858, 1),
(2260, 142, 1859, 1),
(2261, 142, 1861, 1),
(2262, 142, 1860, 1),
(2263, 142, 1862, 1),
(2264, 142, 1863, 1),
(2265, 142, 1864, 1),
(2266, 142, 1865, 1),
(2267, 142, 1866, 1),
(2268, 142, 1867, 1),
(2269, 142, 1868, 1),
(2270, 142, 1869, 1),
(2271, 142, 1872, 1),
(2272, 142, 1870, 1),
(2273, 142, 1871, 1),
(2274, 142, 1873, 1),
(2275, 142, 1874, 1),
(2276, 142, 1875, 1),
(2277, 142, 1876, 1),
(2278, 142, 1877, 1),
(2279, 142, 1878, 1),
(2280, 142, 1879, 1),
(2281, 142, 1880, 1),
(2282, 142, 1881, 1),
(2283, 142, 1882, 1),
(2284, 142, 1883, 1),
(2285, 142, 1884, 1),
(2286, 142, 1885, 1),
(2287, 127, 1886, 1),
(2288, 142, 1887, 1),
(2289, 142, 1888, 1),
(2290, 117, 1889, 1),
(2291, 142, 1890, 1),
(2292, 142, 1891, 1),
(2293, 121, 1892, 1),
(2294, 142, 1893, 1),
(2295, 142, 1894, 1),
(2296, 142, 1895, 1),
(2297, 142, 1896, 1),
(2298, 142, 1897, 1),
(2299, 142, 1898, 1),
(2300, 142, 1899, 1),
(2301, 142, 1900, 1),
(2302, 142, 1902, 1),
(2303, 142, 1901, 1),
(2304, 142, 1905, 1),
(2305, 142, 1904, 1),
(2306, 142, 1903, 1),
(2307, 142, 1907, 1),
(2308, 142, 1908, 1),
(2309, 142, 1906, 1),
(2310, 142, 1909, 1),
(2311, 142, 1912, 1),
(2312, 142, 1910, 1),
(2313, 142, 1911, 1),
(2314, 142, 1913, 1),
(2315, 142, 1914, 1),
(2316, 142, 1915, 1),
(2317, 142, 1916, 1),
(2318, 142, 1918, 1),
(2319, 142, 1917, 1),
(2320, 142, 1919, 1),
(2321, 142, 1920, 1),
(2322, 142, 1921, 1),
(2323, 142, 1922, 1),
(2324, 142, 1923, 1),
(2325, 142, 1924, 1),
(2326, 142, 1925, 1),
(2327, 142, 1927, 1),
(2328, 142, 1926, 1),
(2329, 142, 1928, 1),
(2330, 142, 1929, 1),
(2331, 142, 1931, 1),
(2332, 142, 1930, 1),
(2333, 142, 1932, 1),
(2334, 142, 1933, 1),
(2335, 142, 1934, 1),
(2336, 142, 1935, 1),
(2337, 142, 1937, 1),
(2338, 142, 1936, 1),
(2339, 142, 1938, 1),
(2340, 142, 1940, 1),
(2341, 142, 1939, 1),
(2342, 142, 1941, 1),
(2343, 142, 1942, 1),
(2344, 142, 1943, 1),
(2345, 142, 1944, 1),
(2346, 142, 1945, 1),
(2347, 142, 1946, 1),
(2348, 142, 1947, 1),
(2349, 142, 1948, 1),
(2350, 142, 1949, 1),
(2351, 142, 1950, 1),
(2352, 142, 1951, 1),
(2353, 142, 1952, 1),
(2354, 142, 1953, 1),
(2355, 142, 1954, 1),
(2356, 142, 1955, 1),
(2357, 142, 1956, 1),
(2358, 142, 1957, 1),
(2359, 142, 1958, 1),
(2360, 142, 1959, 1),
(2361, 142, 1960, 1),
(2362, 142, 1961, 1),
(2363, 142, 1962, 1),
(2364, 142, 1963, 1),
(2365, 142, 1964, 1),
(2366, 142, 1965, 1),
(2367, 142, 1966, 1),
(2368, 127, 1967, 1),
(2369, 117, 1968, 1),
(2370, 121, 1969, 1),
(2371, 142, 1970, 1),
(2372, 142, 1971, 1),
(2373, 142, 1972, 1),
(2374, 142, 1973, 1),
(2375, 142, 1974, 1),
(2376, 142, 1975, 1),
(2377, 142, 1976, 1),
(2378, 142, 1977, 1),
(2379, 142, 1978, 1),
(2380, 142, 1979, 1),
(2381, 142, 1980, 1),
(2382, 142, 1981, 1),
(2383, 142, 1982, 1),
(2384, 142, 1983, 1),
(2385, 142, 1984, 1),
(2386, 142, 1985, 1),
(2387, 142, 1986, 1),
(2388, 142, 1987, 1),
(2389, 142, 1988, 1),
(4624, 142, 4237, 1),
(4617, 142, 4230, 1),
(4612, 142, 4225, 1),
(4608, 142, 4221, 1),
(4604, 142, 4217, 1),
(2395, 142, 1994, 1),
(2396, 142, 1995, 1),
(2397, 127, 1997, 1),
(2398, 142, 1996, 1),
(2399, 117, 1998, 1),
(4590, 147, 4202, 1),
(4585, 147, 4196, 1),
(4580, 147, 4191, 1),
(2405, 142, 2004, 1),
(2406, 142, 2005, 1),
(2407, 142, 2006, 1),
(2408, 142, 2007, 1),
(2409, 142, 2008, 1),
(2410, 142, 2009, 1),
(4569, 142, 4180, 1),
(4565, 142, 4176, 1),
(2415, 142, 2014, 1),
(2416, 142, 2015, 1),
(2417, 142, 2016, 1),
(2418, 142, 2017, 1),
(2419, 142, 2018, 1),
(4659, 147, 4273, 1),
(2421, 142, 2020, 1),
(4656, 147, 4271, 1),
(4654, 147, 4269, 1),
(2424, 127, 2023, 1),
(4650, 147, 4264, 1),
(2426, 117, 2025, 1),
(2427, 142, 2026, 1),
(2428, 121, 2027, 1),
(2429, 142, 2028, 1),
(2430, 142, 2029, 1),
(4639, 147, 4252, 1),
(4635, 147, 4248, 1),
(2435, 142, 2035, 1),
(2436, 142, 2034, 1),
(2437, 142, 2036, 1),
(2438, 142, 2037, 1),
(2439, 142, 2038, 1),
(4628, 142, 4241, 1),
(4623, 142, 4236, 1),
(4616, 142, 4229, 1),
(2445, 142, 2044, 1),
(2446, 142, 2045, 1),
(2447, 142, 2046, 1),
(2448, 142, 2047, 1),
(2449, 142, 2048, 1),
(4546, 142, 4157, 1),
(4603, 142, 4216, 1),
(4649, 147, 4263, 1),
(4541, 121, 4152, 1),
(4599, 117, 4212, 1),
(4645, 147, 4258, 1),
(2456, 121, 2055, 1),
(2457, 142, 2056, 1),
(2458, 142, 2057, 1),
(2459, 142, 2060, 1),
(2460, 142, 2058, 1),
(2461, 142, 2059, 1),
(4634, 147, 4247, 1),
(4589, 147, 4201, 1),
(2465, 142, 2064, 1),
(2466, 142, 2065, 1),
(2467, 142, 2066, 1),
(2468, 142, 2068, 1),
(2469, 142, 2067, 1),
(2470, 142, 2069, 1),
(4577, 147, 4188, 1),
(2472, 142, 2071, 1),
(4576, 147, 4187, 1),
(2474, 142, 2072, 1),
(4622, 142, 4235, 1),
(2476, 142, 2075, 1),
(2477, 142, 2077, 1),
(2478, 142, 2076, 1),
(2479, 142, 2078, 1),
(4611, 142, 4224, 1),
(4564, 142, 4175, 1),
(4607, 142, 4220, 1),
(4555, 142, 4166, 1),
(4657, 147, 4272, 1),
(2487, 142, 2086, 1),
(2488, 142, 2087, 1),
(2489, 142, 2088, 1),
(2490, 142, 2089, 1),
(4653, 147, 4267, 1),
(4553, 142, 4164, 1),
(2493, 142, 2092, 1),
(4545, 142, 4156, 1),
(4648, 147, 4262, 1),
(2496, 142, 2095, 1),
(2497, 142, 2096, 1),
(2498, 117, 2098, 1),
(2499, 142, 2097, 1),
(4642, 147, 4255, 1),
(4588, 147, 4200, 1),
(4638, 147, 4251, 1),
(4584, 147, 4195, 1),
(2506, 142, 2105, 1),
(2507, 142, 2106, 1),
(2508, 142, 2107, 1),
(2509, 142, 2108, 1),
(2510, 142, 2110, 1),
(4631, 147, 4244, 1),
(4575, 147, 4186, 1),
(4629, 142, 4242, 1),
(2515, 142, 2114, 1),
(2516, 142, 2115, 1),
(2517, 142, 2117, 1),
(2518, 142, 2116, 1),
(2519, 142, 2118, 1),
(4563, 142, 4174, 1),
(4621, 142, 4234, 1),
(4559, 142, 4170, 1),
(4615, 142, 4228, 1),
(2525, 142, 2126, 1),
(2526, 142, 2124, 1),
(2527, 142, 2125, 1),
(2528, 142, 2127, 1),
(2529, 142, 2128, 1),
(4602, 142, 4215, 1),
(4551, 142, 4162, 1),
(4655, 147, 4270, 1),
(4598, 127, 4211, 1),
(2534, 142, 2133, 1),
(4594, 147, 4206, 1),
(2536, 127, 2136, 1),
(2537, 142, 2135, 1),
(2538, 117, 2138, 1),
(2539, 142, 2137, 1),
(2540, 142, 2139, 1),
(4587, 147, 4198, 1),
(4641, 147, 4254, 1),
(4583, 147, 4194, 1),
(2545, 142, 2145, 1),
(2547, 142, 2146, 1),
(2548, 142, 2148, 1),
(2549, 142, 2147, 1),
(2550, 142, 2150, 1),
(2551, 142, 2149, 1),
(2552, 142, 2152, 1),
(4630, 148, 4243, 1),
(4574, 147, 4185, 1),
(2555, 142, 2154, 1),
(2556, 142, 2156, 1),
(2557, 142, 2155, 1),
(2558, 142, 2157, 1),
(2559, 142, 2158, 1),
(4627, 142, 4240, 1),
(4562, 142, 4173, 1),
(4620, 142, 4233, 1),
(4663, 150, 4274, 0),
(4558, 142, 4169, 1),
(2566, 142, 2165, 1),
(2567, 142, 2166, 1),
(2568, 142, 2167, 1),
(2569, 142, 2168, 1),
(4606, 142, 4219, 1),
(2571, 142, 2170, 1),
(4550, 142, 4161, 1),
(4601, 142, 4214, 1),
(4652, 147, 4266, 1),
(2575, 142, 2174, 1),
(2576, 142, 2175, 1),
(2577, 142, 2176, 1),
(2578, 142, 2177, 1),
(2579, 142, 2179, 1),
(2580, 142, 2178, 1),
(4637, 147, 4250, 1),
(4586, 147, 4197, 1),
(4633, 147, 4246, 1),
(4582, 147, 4193, 1),
(2585, 142, 2185, 1),
(2586, 142, 2184, 1),
(2587, 142, 2186, 1),
(2588, 142, 2187, 1),
(2589, 142, 2188, 1),
(4626, 142, 4239, 1),
(4572, 147, 4183, 1),
(4619, 142, 4232, 1),
(4568, 142, 4179, 1),
(4614, 142, 4227, 1),
(2595, 142, 2194, 1),
(2596, 142, 2195, 1),
(2597, 142, 2196, 1),
(2598, 142, 2197, 1),
(2599, 142, 2198, 1),
(2600, 142, 2199, 1),
(4549, 142, 4160, 1),
(4597, 147, 4210, 1),
(4593, 147, 4205, 1),
(4591, 147, 4203, 1),
(2605, 142, 2204, 1),
(2606, 142, 2205, 1),
(2607, 142, 2206, 1),
(2608, 142, 2207, 1),
(2609, 142, 2208, 1),
(4571, 148, 4182, 1),
(4567, 142, 4178, 1),
(4561, 142, 4172, 1),
(4557, 142, 4168, 1),
(4554, 142, 4165, 1),
(2615, 142, 2214, 1),
(2616, 127, 2215, 1),
(2617, 117, 2216, 1),
(2618, 121, 2217, 1),
(2619, 142, 2218, 1),
(2625, 142, 2224, 1),
(2626, 142, 2225, 1),
(2627, 142, 2226, 1),
(2628, 142, 2227, 1),
(2629, 142, 2228, 1),
(4647, 147, 4261, 1),
(4644, 147, 4257, 1),
(4640, 147, 4253, 1),
(4636, 147, 4249, 1),
(4632, 147, 4245, 1),
(2635, 142, 2234, 1),
(2636, 142, 2235, 1),
(2637, 142, 2236, 1),
(2638, 142, 2237, 1),
(2639, 142, 2238, 1),
(4610, 142, 4223, 1),
(4605, 142, 4218, 1),
(4600, 121, 4213, 1),
(4596, 147, 4209, 1),
(4544, 142, 4155, 1),
(4592, 147, 4204, 1),
(2646, 117, 2245, 1),
(2647, 142, 2246, 1),
(2648, 121, 2247, 1),
(2649, 142, 2248, 1),
(2650, 142, 2249, 1),
(4581, 147, 4192, 1),
(4579, 147, 4190, 1),
(2655, 142, 2254, 1),
(2656, 142, 2255, 1),
(2657, 142, 2256, 1),
(2658, 142, 2258, 1),
(2659, 142, 2257, 1),
(4566, 142, 4177, 1),
(4560, 142, 4171, 1),
(4556, 142, 4167, 1),
(2665, 142, 2264, 1),
(2666, 142, 2265, 1),
(2667, 142, 2266, 1),
(2668, 142, 2267, 1),
(2669, 142, 2268, 1),
(4548, 142, 4159, 1),
(4651, 147, 4265, 1),
(2672, 142, 2271, 1),
(4646, 147, 4259, 1),
(4643, 147, 4256, 1),
(2675, 142, 2274, 1),
(2676, 142, 2275, 1),
(2677, 142, 2276, 1),
(2678, 142, 2277, 1),
(2679, 142, 2278, 1),
(4625, 142, 4238, 1),
(4543, 142, 4154, 1),
(4618, 142, 4231, 1),
(4540, 117, 4151, 1),
(4613, 142, 4226, 1),
(2685, 121, 2284, 1),
(2686, 142, 2285, 1),
(2687, 142, 2286, 1),
(2688, 142, 2287, 1),
(2689, 142, 2288, 1),
(2690, 142, 2289, 1),
(2696, 142, 2295, 1),
(2697, 142, 2296, 1),
(2698, 142, 2297, 1),
(2699, 142, 2298, 1),
(2700, 142, 2299, 1),
(4542, 142, 4153, 1),
(4539, 127, 4150, 1),
(4578, 147, 4189, 1),
(2705, 121, 2304, 1),
(2706, 142, 2306, 1),
(2707, 142, 2305, 1),
(2708, 142, 2309, 1),
(2709, 142, 2308, 1),
(2710, 142, 2307, 1),
(4570, 142, 4181, 1),
(2714, 142, 2313, 1),
(2717, 142, 2318, 1),
(2718, 142, 2317, 1),
(2719, 142, 2316, 1),
(2720, 142, 2319, 1),
(2721, 142, 2320, 1),
(2722, 142, 2321, 1),
(2723, 142, 2322, 1),
(2724, 142, 2323, 1),
(2725, 142, 2324, 1),
(2726, 142, 2325, 1),
(2727, 127, 2326, 1),
(2728, 142, 2327, 1),
(2729, 142, 2328, 1),
(2730, 142, 2329, 1),
(2731, 142, 2332, 1),
(2732, 117, 2330, 1),
(2733, 142, 2331, 1),
(2734, 142, 2333, 1),
(2735, 142, 2335, 1),
(2736, 142, 2336, 1),
(2737, 121, 2337, 1),
(2738, 142, 2338, 1),
(2739, 142, 2339, 1),
(2740, 142, 2340, 1),
(2741, 142, 2341, 1),
(2742, 142, 2342, 1),
(2743, 142, 2343, 1),
(2744, 142, 2345, 1),
(2745, 142, 2346, 1),
(2746, 142, 2344, 1),
(2747, 142, 2347, 1),
(2748, 142, 2348, 1),
(2749, 142, 2349, 1),
(2750, 142, 2350, 1),
(2751, 142, 2351, 1),
(2752, 142, 2352, 1),
(2753, 142, 2353, 1),
(2754, 142, 2354, 1),
(2755, 142, 2355, 1),
(2756, 142, 2356, 1),
(2757, 142, 2357, 1),
(2758, 142, 2358, 1),
(2759, 142, 2359, 1),
(2760, 142, 2360, 1),
(2761, 142, 2361, 1),
(2762, 142, 2362, 1),
(2763, 142, 2363, 1),
(2764, 142, 2364, 1),
(2765, 142, 2365, 1),
(2766, 142, 2366, 1),
(2767, 142, 2367, 1),
(2768, 142, 2368, 1),
(2769, 142, 2369, 1),
(2770, 142, 2370, 1),
(2771, 142, 2371, 1),
(2772, 142, 2372, 1),
(2773, 142, 2373, 1),
(2774, 142, 2374, 1),
(2775, 142, 2375, 1),
(2776, 142, 2376, 1),
(2777, 142, 2377, 1),
(2778, 142, 2378, 1),
(2779, 142, 2379, 1),
(2780, 142, 2380, 1),
(2781, 142, 2381, 1),
(2782, 142, 2382, 1),
(2783, 142, 2383, 1),
(2784, 142, 2384, 1),
(2785, 142, 2385, 1),
(2786, 142, 2386, 1),
(2787, 127, 2387, 1),
(2788, 142, 2388, 1),
(2789, 142, 2389, 1),
(2790, 117, 2390, 1),
(2791, 142, 2391, 1),
(2792, 142, 2392, 1),
(2793, 142, 2393, 1),
(2794, 121, 2394, 1),
(2795, 142, 2395, 1),
(2796, 142, 2396, 1),
(2797, 142, 2397, 1),
(2798, 142, 2398, 1),
(2799, 142, 2399, 1),
(2800, 142, 2400, 1),
(2801, 142, 2401, 1),
(2802, 142, 2402, 1),
(2803, 142, 2403, 1),
(2804, 142, 2404, 1),
(2805, 142, 2405, 1),
(2806, 142, 2406, 1),
(2807, 142, 2407, 1),
(2808, 142, 2408, 1),
(2809, 142, 2409, 1),
(2810, 142, 2410, 1),
(2811, 142, 2411, 1),
(2812, 142, 2414, 1),
(2813, 142, 2413, 1),
(2814, 142, 2415, 1),
(2815, 142, 2416, 1),
(2816, 142, 2417, 1),
(2817, 142, 2418, 1),
(2818, 142, 2419, 1),
(2819, 142, 2420, 1),
(2820, 142, 2421, 1),
(2821, 142, 2422, 1),
(2822, 142, 2423, 1),
(2823, 142, 2424, 1),
(2824, 142, 2425, 1),
(2825, 142, 2426, 1),
(2826, 142, 2427, 1),
(2827, 142, 2428, 1),
(2828, 142, 2429, 1),
(2829, 142, 2430, 1),
(2830, 142, 2431, 1),
(2831, 142, 2432, 1),
(2832, 142, 2433, 1),
(2833, 142, 2434, 1),
(2834, 142, 2435, 1),
(2835, 142, 2436, 1),
(2836, 142, 2437, 1),
(2837, 142, 2438, 1),
(2838, 142, 2439, 1),
(2839, 142, 2440, 1),
(2840, 142, 2441, 1),
(2841, 142, 2442, 1),
(2842, 142, 2443, 1),
(2843, 142, 2444, 1),
(2844, 142, 2445, 1),
(2845, 142, 2446, 1),
(2846, 142, 2447, 1),
(2847, 142, 2448, 1),
(2848, 142, 2449, 1),
(2849, 142, 2450, 1),
(2850, 142, 2451, 1),
(2851, 142, 2452, 1),
(2852, 142, 2453, 1),
(2853, 142, 2454, 1),
(2854, 142, 2455, 1),
(2855, 142, 2456, 1),
(2856, 142, 2457, 1),
(2857, 142, 2458, 1),
(2858, 142, 2459, 1),
(2859, 142, 2460, 1),
(2860, 142, 2461, 1),
(2861, 142, 2462, 1),
(2862, 142, 2463, 1),
(2863, 142, 2464, 1),
(2864, 142, 2465, 1),
(2865, 142, 2466, 1),
(2866, 142, 2467, 1),
(2867, 127, 2468, 1),
(2868, 117, 2469, 1),
(2869, 121, 2470, 1),
(2870, 142, 2471, 1),
(2871, 142, 2472, 1),
(2872, 142, 2473, 1),
(2873, 142, 2474, 1),
(2874, 142, 2475, 1),
(2875, 142, 2476, 1),
(2876, 142, 2477, 1),
(2877, 142, 2478, 1),
(2878, 142, 2479, 1),
(2879, 142, 2480, 1),
(2880, 142, 2481, 1),
(2881, 142, 2482, 1),
(2882, 142, 2483, 1),
(2883, 142, 2484, 1),
(2884, 142, 2485, 1),
(2885, 142, 2486, 1),
(2886, 142, 2487, 1),
(2887, 142, 2488, 1),
(2888, 142, 2489, 1),
(2889, 142, 2490, 1),
(2890, 142, 2491, 1),
(2891, 142, 2492, 1),
(2892, 142, 2493, 1),
(2893, 142, 2494, 1),
(2894, 142, 2495, 1),
(2895, 142, 2496, 1),
(2896, 142, 2497, 1),
(2897, 142, 2498, 1),
(2898, 142, 2499, 1),
(2899, 142, 2500, 1),
(2900, 142, 2501, 1),
(2901, 142, 2502, 1),
(2902, 142, 2503, 1),
(2903, 142, 2504, 1),
(2904, 142, 2505, 1),
(2905, 127, 2507, 1),
(2906, 142, 2506, 1),
(2907, 117, 2508, 1),
(2908, 142, 2509, 1),
(2909, 121, 2510, 1),
(2910, 142, 2511, 1),
(2911, 142, 2512, 1),
(2912, 142, 2513, 1),
(2913, 142, 2514, 1),
(2914, 142, 2516, 1),
(2915, 142, 2517, 1),
(2916, 142, 2518, 1),
(2917, 142, 2519, 1),
(2918, 142, 2520, 1),
(2919, 142, 2521, 1),
(2920, 142, 2522, 1),
(2921, 142, 2523, 1),
(2922, 142, 2524, 1),
(2923, 142, 2525, 1),
(2924, 142, 2526, 1),
(2925, 142, 2527, 1),
(2926, 142, 2528, 1),
(2927, 142, 2529, 1),
(2928, 142, 2530, 1),
(2929, 142, 2531, 1),
(2930, 142, 2532, 1),
(2931, 142, 2533, 1),
(2932, 142, 2534, 1),
(2933, 142, 2535, 1),
(2934, 142, 2536, 1),
(2935, 142, 2537, 1),
(2936, 142, 2538, 1),
(2937, 142, 2539, 1),
(2938, 142, 2540, 1),
(2939, 142, 2541, 1),
(2940, 142, 2542, 1),
(2941, 142, 2543, 1),
(2942, 142, 2544, 1),
(2943, 142, 2545, 1),
(2944, 142, 2546, 1),
(2945, 127, 2548, 1),
(2946, 142, 2547, 1),
(2947, 117, 2549, 1),
(2948, 142, 2550, 1),
(2949, 121, 2551, 1),
(2950, 142, 2552, 1),
(2951, 142, 2553, 1),
(2952, 142, 2554, 1),
(2953, 142, 2555, 1),
(2954, 142, 2556, 1),
(2955, 142, 2557, 1),
(2956, 142, 2558, 1),
(2957, 142, 2559, 1),
(2958, 142, 2560, 1),
(2959, 142, 2561, 1),
(2960, 142, 2562, 1),
(2961, 142, 2563, 1),
(2962, 142, 2564, 1),
(2963, 142, 2565, 1),
(2964, 142, 2566, 1),
(2965, 142, 2567, 1),
(2966, 142, 2568, 1),
(2967, 142, 2569, 1),
(2968, 142, 2570, 1),
(2969, 142, 2571, 1),
(2970, 142, 2572, 1),
(2971, 142, 2573, 1),
(2972, 142, 2574, 1),
(2973, 142, 2575, 1),
(2974, 142, 2576, 1),
(2975, 142, 2577, 1),
(2976, 142, 2578, 1),
(2977, 142, 2579, 1),
(2978, 142, 2580, 1),
(2979, 142, 2581, 1),
(2980, 142, 2582, 1),
(2981, 142, 2583, 1),
(2982, 142, 2584, 1),
(2983, 142, 2585, 1),
(2984, 142, 2586, 1),
(2985, 142, 2587, 1),
(2986, 142, 2588, 1),
(2987, 142, 2589, 1),
(2988, 127, 2591, 1),
(2989, 142, 2590, 1),
(2990, 117, 2592, 1),
(2991, 142, 2593, 1),
(2992, 121, 2594, 1),
(2993, 142, 2595, 1),
(2994, 142, 2596, 1),
(2995, 142, 2597, 1),
(2996, 142, 2598, 1),
(2997, 142, 2599, 1),
(2998, 142, 2600, 1),
(2999, 142, 2601, 1),
(3000, 142, 2602, 1),
(3001, 142, 2603, 1),
(3002, 142, 2604, 1),
(3003, 142, 2605, 1),
(3004, 142, 2606, 1),
(3005, 142, 2607, 1),
(3006, 142, 2608, 1),
(3007, 142, 2609, 1),
(3008, 142, 2610, 1),
(3009, 142, 2611, 1),
(3010, 142, 2612, 1),
(3011, 142, 2613, 1),
(3012, 142, 2614, 1),
(3013, 142, 2615, 1),
(3014, 142, 2616, 1),
(3015, 142, 2617, 1),
(3016, 142, 2618, 1),
(3017, 142, 2619, 1),
(3018, 142, 2620, 1),
(3019, 142, 2621, 1),
(3020, 142, 2622, 1),
(3021, 142, 2623, 1),
(3022, 142, 2624, 1),
(3023, 142, 2625, 1),
(3024, 142, 2626, 1),
(3025, 142, 2627, 1),
(3026, 142, 2628, 1),
(3027, 142, 2629, 1),
(3028, 142, 2630, 1),
(3029, 142, 2631, 1),
(3030, 127, 2632, 1),
(3031, 142, 2633, 1),
(3032, 117, 2634, 1),
(3033, 142, 2635, 1),
(3034, 121, 2636, 1),
(3035, 142, 2637, 1),
(3036, 142, 2638, 1),
(3037, 142, 2639, 1),
(3038, 142, 2640, 1),
(3039, 142, 2641, 1),
(3040, 142, 2642, 1),
(3041, 142, 2643, 1),
(3042, 142, 2644, 1),
(3043, 142, 2645, 1),
(3044, 142, 2646, 1),
(3045, 142, 2647, 1),
(3046, 142, 2648, 1),
(3047, 142, 2649, 1),
(3048, 142, 2650, 1),
(3049, 142, 2651, 1),
(3050, 142, 2652, 1),
(3051, 142, 2653, 1),
(3052, 142, 2654, 1),
(3053, 142, 2655, 1),
(3054, 142, 2656, 1),
(3055, 142, 2657, 1),
(3056, 142, 2658, 1),
(3057, 142, 2659, 1),
(3058, 142, 2660, 1),
(3059, 142, 2661, 1),
(3060, 142, 2662, 1),
(3061, 142, 2663, 1),
(3062, 142, 2664, 1),
(3063, 142, 2665, 1),
(3064, 142, 2666, 1),
(3065, 142, 2667, 1),
(3066, 142, 2668, 1),
(3067, 142, 2669, 1),
(3068, 142, 2670, 1),
(3069, 127, 2672, 1),
(3070, 142, 2671, 1),
(3071, 117, 2673, 1),
(3072, 142, 2674, 1),
(3073, 121, 2675, 1),
(3074, 142, 2676, 1),
(3075, 142, 2677, 1),
(3076, 142, 2678, 1),
(3077, 142, 2679, 1),
(3078, 142, 2680, 1),
(3079, 142, 2681, 1),
(3080, 142, 2682, 1),
(3081, 142, 2683, 1),
(3082, 142, 2684, 1),
(3083, 142, 2685, 1),
(3084, 142, 2686, 1),
(3085, 142, 2687, 1),
(3086, 142, 2688, 1),
(3087, 142, 2689, 1),
(3088, 142, 2690, 1),
(3089, 142, 2691, 1),
(3090, 142, 2692, 1),
(3091, 142, 2693, 1),
(3092, 142, 2694, 1),
(3093, 142, 2695, 1),
(3094, 142, 2696, 1),
(3095, 142, 2697, 1),
(3096, 142, 2698, 1),
(3097, 142, 2699, 1),
(3098, 142, 2700, 1),
(3099, 142, 2701, 1),
(3100, 142, 2702, 1),
(3101, 142, 2703, 1),
(3102, 142, 2704, 1),
(3103, 142, 2705, 1),
(3104, 142, 2706, 1),
(3105, 142, 2707, 1),
(3106, 142, 2708, 1),
(3107, 142, 2709, 1),
(3108, 142, 2710, 1),
(3109, 142, 2711, 1),
(3110, 142, 2712, 1),
(3111, 142, 2713, 1),
(3112, 142, 2714, 1),
(3113, 142, 2715, 1),
(3114, 142, 2716, 1),
(3115, 142, 2717, 1),
(3116, 142, 2718, 1),
(3117, 127, 2719, 1),
(3118, 117, 2720, 1),
(3119, 121, 2721, 1),
(3120, 142, 2722, 1),
(3121, 142, 2723, 1),
(3122, 142, 2724, 1),
(3123, 142, 2725, 1),
(3124, 142, 2726, 1),
(3125, 142, 2727, 1),
(3126, 142, 2728, 1),
(3127, 142, 2729, 1),
(3128, 142, 2730, 1),
(3129, 142, 2731, 1),
(3130, 142, 2732, 1),
(3131, 142, 2733, 1),
(3132, 142, 2734, 1),
(3133, 142, 2735, 1),
(3134, 142, 2736, 1),
(3135, 142, 2737, 1),
(3136, 142, 2738, 1),
(3137, 142, 2739, 1),
(3138, 142, 2740, 1),
(3139, 142, 2741, 1),
(3140, 142, 2742, 1),
(3141, 142, 2743, 1),
(3142, 142, 2744, 1),
(3143, 142, 2745, 1),
(3144, 142, 2746, 1),
(3145, 142, 2747, 1),
(3146, 142, 2748, 1),
(3147, 142, 2749, 1),
(3148, 142, 2750, 1),
(3149, 142, 2751, 1),
(3150, 142, 2752, 1),
(3151, 142, 2753, 1),
(3152, 142, 2754, 1),
(3153, 142, 2755, 1),
(3154, 142, 2756, 1),
(3155, 142, 2757, 1),
(3156, 127, 2758, 1),
(3157, 117, 2759, 1),
(3158, 142, 2760, 1),
(3159, 121, 2761, 1),
(3160, 142, 2762, 1),
(3161, 142, 2763, 1),
(3162, 142, 2764, 1),
(3163, 142, 2765, 1),
(3164, 142, 2766, 1),
(3165, 142, 2767, 1),
(3166, 142, 2768, 1),
(3167, 142, 2769, 1),
(3168, 142, 2770, 1),
(3169, 142, 2771, 1),
(3170, 142, 2772, 1),
(3171, 142, 2773, 1),
(3172, 142, 2774, 1),
(3173, 142, 2775, 1),
(3174, 142, 2776, 1),
(3175, 142, 2777, 1),
(3176, 142, 2778, 1),
(3177, 142, 2779, 1),
(3178, 142, 2780, 1),
(3179, 142, 2781, 1),
(3180, 142, 2782, 1),
(3181, 142, 2783, 1),
(3182, 142, 2784, 1),
(3183, 142, 2785, 1),
(3184, 142, 2786, 1),
(3185, 142, 2787, 1),
(3186, 142, 2788, 1),
(3187, 142, 2789, 1),
(3188, 142, 2790, 1),
(3189, 142, 2791, 1),
(3190, 142, 2792, 1),
(3191, 142, 2793, 1),
(3192, 142, 2794, 1),
(3193, 142, 2795, 1),
(3194, 142, 2796, 1),
(3195, 142, 2797, 1),
(3196, 142, 2798, 1),
(3197, 127, 2799, 1),
(3198, 142, 2800, 1),
(3199, 117, 2801, 1),
(3200, 142, 2802, 1),
(3201, 121, 2803, 1),
(3202, 142, 2804, 1),
(3203, 142, 2805, 1),
(3204, 142, 2806, 1),
(3205, 142, 2807, 1),
(3206, 142, 2808, 1),
(3207, 142, 2809, 1),
(3208, 142, 2810, 1),
(3209, 142, 2811, 1),
(3210, 142, 2812, 1),
(3211, 142, 2813, 1),
(3212, 142, 2814, 1),
(3213, 142, 2815, 1),
(3214, 142, 2816, 1),
(3215, 142, 2817, 1),
(3216, 142, 2818, 1),
(3217, 142, 2819, 1),
(3218, 142, 2820, 1),
(3219, 142, 2821, 1),
(3220, 142, 2822, 1),
(3221, 142, 2823, 1),
(3222, 142, 2824, 1),
(3223, 142, 2825, 1),
(3224, 142, 2826, 1),
(3225, 142, 2827, 1),
(3226, 142, 2828, 1),
(3227, 142, 2829, 1),
(3228, 142, 2830, 1),
(3229, 142, 2831, 1),
(3230, 142, 2832, 1),
(3231, 142, 2833, 1),
(3232, 142, 2834, 1),
(3233, 142, 2835, 1),
(3234, 142, 2836, 1),
(3235, 142, 2837, 1),
(3236, 142, 2838, 1),
(3237, 142, 2839, 1),
(3238, 127, 2840, 1),
(3239, 142, 2841, 1),
(3240, 117, 2842, 1),
(3241, 142, 2843, 1),
(3242, 121, 2844, 1),
(3243, 142, 2845, 1),
(3244, 142, 2846, 1),
(3245, 142, 2847, 1),
(3246, 142, 2848, 1),
(3247, 142, 2849, 1),
(3248, 142, 2850, 1),
(3249, 142, 2851, 1),
(3250, 142, 2852, 1),
(3251, 142, 2853, 1),
(3252, 142, 2854, 1),
(3253, 142, 2855, 1),
(3254, 142, 2856, 1),
(3255, 142, 2857, 1),
(3256, 142, 2858, 1),
(3257, 142, 2859, 1),
(3258, 142, 2860, 1),
(3259, 142, 2861, 1),
(3260, 142, 2862, 1),
(3261, 142, 2863, 1),
(3262, 142, 2864, 1),
(3263, 142, 2865, 1),
(3264, 142, 2866, 1),
(3265, 142, 2867, 1),
(3266, 142, 2868, 1),
(3267, 142, 2869, 1),
(3268, 142, 2870, 1),
(3269, 142, 2871, 1),
(3270, 142, 2872, 1),
(3271, 142, 2873, 1),
(3272, 142, 2874, 1),
(3273, 142, 2875, 1),
(3274, 142, 2876, 1),
(3275, 142, 2877, 1),
(3276, 142, 2878, 1),
(3277, 142, 2879, 1),
(3278, 142, 2880, 1),
(3279, 142, 2881, 1),
(3280, 127, 2882, 1),
(3281, 142, 2883, 1),
(3282, 117, 2884, 1),
(3283, 142, 2885, 1),
(3284, 121, 2886, 1),
(3285, 142, 2887, 1),
(3286, 142, 2888, 1),
(3287, 142, 2889, 1),
(3288, 142, 2890, 1),
(3289, 142, 2891, 1),
(3290, 142, 2892, 1),
(3291, 142, 2893, 1),
(3292, 142, 2894, 1),
(3293, 142, 2895, 1),
(3294, 142, 2896, 1),
(3295, 142, 2897, 1),
(3296, 142, 2898, 1),
(3297, 142, 2899, 1),
(3298, 142, 2900, 1),
(3299, 142, 2901, 1),
(3300, 142, 2902, 1),
(3301, 142, 2903, 1),
(3302, 142, 2904, 1),
(3303, 142, 2905, 1),
(3304, 142, 2906, 1),
(3305, 142, 2907, 1),
(3306, 142, 2908, 1),
(3307, 142, 2909, 1),
(3308, 142, 2910, 1),
(3309, 142, 2911, 1),
(3310, 142, 2912, 1),
(3311, 142, 2913, 1),
(3312, 142, 2914, 1),
(3313, 142, 2915, 1),
(3314, 142, 2916, 1),
(3315, 142, 2917, 1),
(3316, 142, 2918, 1),
(3317, 142, 2919, 1),
(3318, 142, 2920, 1),
(3319, 142, 2921, 1),
(3320, 142, 2922, 1),
(3321, 142, 2923, 1),
(3322, 127, 2924, 1),
(3323, 142, 2925, 1),
(3324, 117, 2926, 1),
(3325, 142, 2927, 1),
(3326, 121, 2928, 1),
(3327, 142, 2929, 1),
(3328, 142, 2930, 1),
(3329, 142, 2931, 1),
(3330, 142, 2932, 1),
(3331, 142, 2933, 1),
(3332, 142, 2934, 1),
(3333, 142, 2935, 1),
(3334, 142, 2936, 1),
(3335, 142, 2938, 1),
(3336, 142, 2939, 1),
(3337, 142, 2940, 1),
(3338, 142, 2941, 1),
(3339, 142, 2942, 1),
(3340, 142, 2943, 1),
(3341, 142, 2944, 1),
(3342, 142, 2945, 1),
(3343, 142, 2946, 1),
(3344, 142, 2947, 1),
(3345, 142, 2948, 1),
(3346, 142, 2949, 1),
(3347, 142, 2950, 1),
(3348, 142, 2951, 1),
(3349, 142, 2952, 1),
(3350, 142, 2953, 1),
(3351, 142, 2954, 1),
(3352, 142, 2955, 1),
(3353, 142, 2956, 1),
(3354, 142, 2957, 1),
(3355, 142, 2958, 1),
(3356, 142, 2959, 1),
(3357, 142, 2960, 1),
(3358, 142, 2961, 1),
(3359, 142, 2962, 1),
(3360, 142, 2963, 1),
(3361, 142, 2964, 1),
(3362, 142, 2965, 1),
(3363, 142, 2966, 1),
(3364, 142, 2967, 1),
(3365, 142, 2968, 1),
(3366, 142, 2969, 1),
(3367, 142, 2970, 1),
(3368, 142, 2971, 1),
(3369, 142, 2972, 1),
(3370, 127, 2974, 1),
(3371, 117, 2975, 1),
(3372, 121, 2976, 1),
(3373, 142, 2977, 1),
(3374, 142, 2978, 1),
(3375, 142, 2979, 1),
(3376, 142, 2980, 1),
(3377, 142, 2981, 1),
(3378, 142, 2982, 1),
(3379, 142, 2983, 1),
(3380, 142, 2984, 1),
(3381, 142, 2985, 1),
(3382, 142, 2986, 1),
(3383, 142, 2987, 1),
(3384, 142, 2988, 1),
(3385, 142, 2989, 1),
(3386, 142, 2990, 1),
(3387, 142, 2991, 1),
(3388, 142, 2992, 1),
(3389, 142, 2993, 1),
(3390, 142, 2994, 1),
(3391, 142, 2995, 1),
(3392, 142, 2996, 1),
(3393, 142, 2997, 1),
(3394, 142, 2998, 1),
(3395, 142, 2999, 1),
(3396, 142, 3000, 1),
(3397, 142, 3001, 1),
(3398, 142, 3002, 1),
(3399, 142, 3003, 1),
(3400, 142, 3004, 1),
(3401, 142, 3005, 1),
(3402, 142, 3006, 1),
(3403, 142, 3007, 1),
(3404, 142, 3008, 1),
(3405, 142, 3009, 1),
(3406, 142, 3010, 1),
(3407, 142, 3011, 1),
(3408, 142, 3012, 1),
(3409, 142, 3013, 1),
(3410, 142, 3014, 1),
(3411, 142, 3015, 1),
(3412, 127, 3016, 1),
(3413, 117, 3017, 1),
(3414, 121, 3018, 1),
(3415, 142, 3019, 1),
(3416, 142, 3020, 1),
(3417, 142, 3021, 1),
(3418, 142, 3022, 1),
(3419, 142, 3023, 1),
(3420, 142, 3024, 1),
(3421, 142, 3025, 1),
(3422, 142, 3026, 1),
(3423, 142, 3027, 1),
(3424, 142, 3028, 1),
(3425, 142, 3029, 1),
(3426, 142, 3030, 1),
(3427, 142, 3031, 1),
(3428, 142, 3032, 1),
(3429, 142, 3033, 1),
(3430, 142, 3034, 1),
(3431, 142, 3035, 1),
(3432, 142, 3036, 1),
(3433, 142, 3037, 1),
(3434, 142, 3038, 1),
(3435, 142, 3039, 1),
(3436, 142, 3040, 1),
(3437, 142, 3041, 1),
(3438, 142, 3042, 1),
(3439, 142, 3043, 1),
(3440, 142, 3044, 1),
(3441, 142, 3045, 1),
(3442, 142, 3046, 1),
(3443, 142, 3047, 1),
(3444, 142, 3048, 1),
(3445, 142, 3049, 1),
(3446, 142, 3050, 1),
(3447, 142, 3051, 1),
(3448, 142, 3052, 1),
(3449, 127, 3053, 1),
(3450, 142, 3054, 1),
(3451, 117, 3055, 1),
(3452, 142, 3056, 1),
(3453, 121, 3057, 1),
(3454, 142, 3059, 1),
(3455, 142, 3058, 1),
(3456, 142, 3060, 1),
(3457, 142, 3061, 1),
(3458, 142, 3062, 1),
(3459, 142, 3063, 1),
(3460, 142, 3064, 1),
(3461, 142, 3065, 1),
(3462, 142, 3066, 1),
(3463, 142, 3067, 1),
(3464, 142, 3068, 1),
(3465, 142, 3069, 1),
(3466, 142, 3070, 1),
(3467, 142, 3071, 1),
(3468, 142, 3072, 1),
(3469, 142, 3073, 1),
(3470, 142, 3074, 1),
(3471, 142, 3075, 1),
(3472, 142, 3076, 1),
(3473, 142, 3077, 1),
(3474, 142, 3078, 1),
(3475, 142, 3079, 1),
(3476, 142, 3080, 1),
(3477, 142, 3081, 1),
(3478, 142, 3082, 1),
(3479, 142, 3083, 1),
(3480, 142, 3084, 1),
(3481, 142, 3085, 1),
(3482, 142, 3086, 1),
(3483, 142, 3087, 1),
(3484, 142, 3088, 1),
(3485, 142, 3089, 1),
(3486, 142, 3090, 1),
(3487, 142, 3091, 1),
(3488, 142, 3092, 1),
(3489, 142, 3093, 1),
(3490, 142, 3094, 1),
(3491, 127, 3096, 1),
(3492, 142, 3095, 1),
(3493, 117, 3097, 1),
(3494, 142, 3098, 1),
(3495, 121, 3099, 1),
(3496, 142, 3100, 1),
(3497, 142, 3101, 1),
(3498, 142, 3102, 1),
(3499, 142, 3103, 1),
(3500, 142, 3104, 1),
(3501, 142, 3105, 1),
(3502, 142, 3106, 1),
(3503, 142, 3108, 1),
(3504, 142, 3109, 1),
(3505, 142, 3110, 1),
(3506, 142, 3111, 1),
(3507, 142, 3112, 1),
(3508, 142, 3113, 1),
(3509, 142, 3114, 1),
(3510, 142, 3115, 1),
(3511, 142, 3116, 1),
(3512, 142, 3117, 1),
(3513, 142, 3118, 1),
(3514, 142, 3119, 1),
(3515, 142, 3120, 1),
(3516, 142, 3121, 1),
(3517, 142, 3122, 1),
(3518, 142, 3123, 1),
(3519, 142, 3124, 1),
(3520, 142, 3125, 1),
(3521, 142, 3126, 1),
(3522, 142, 3127, 1),
(3523, 142, 3128, 1),
(3524, 142, 3129, 1),
(3525, 142, 3130, 1),
(3526, 142, 3131, 1),
(3527, 142, 3132, 1),
(3528, 142, 3133, 1),
(3529, 142, 3134, 1),
(3530, 142, 3135, 1),
(3531, 142, 3136, 1),
(3532, 142, 3137, 1),
(3533, 127, 3139, 1),
(3534, 142, 3138, 1),
(3535, 142, 3140, 1),
(3536, 117, 3141, 1),
(3537, 142, 3142, 1),
(3538, 121, 3143, 1),
(3539, 142, 3144, 1),
(3540, 142, 3145, 1),
(3541, 142, 3146, 1),
(3542, 142, 3147, 1),
(3543, 142, 3148, 1),
(3544, 142, 3149, 1),
(3545, 142, 3150, 1),
(3546, 142, 3151, 1),
(3547, 142, 3152, 1),
(3548, 142, 3153, 1),
(3549, 142, 3154, 1),
(3550, 142, 3155, 1),
(3551, 142, 3156, 1),
(3552, 142, 3157, 1),
(3553, 142, 3158, 1),
(3554, 142, 3159, 1),
(3555, 142, 3160, 1),
(3556, 142, 3161, 1),
(3557, 142, 3162, 1),
(3558, 142, 3163, 1),
(3559, 142, 3164, 1),
(3560, 142, 3165, 1),
(3561, 142, 3166, 1),
(3562, 142, 3167, 1),
(3563, 142, 3168, 1),
(3564, 142, 3169, 1),
(3565, 142, 3170, 1),
(3566, 142, 3171, 1),
(3567, 142, 3172, 1),
(3568, 142, 3173, 1),
(3569, 142, 3174, 1),
(3570, 142, 3175, 1),
(3571, 142, 3176, 1),
(3572, 142, 3177, 1),
(3573, 142, 3178, 1),
(3574, 127, 3180, 1),
(3575, 142, 3179, 1),
(3576, 117, 3181, 1),
(3577, 142, 3182, 1),
(3578, 121, 3183, 1),
(3579, 142, 3184, 1),
(3580, 142, 3185, 1),
(3581, 142, 3186, 1),
(3582, 142, 3187, 1),
(3583, 142, 3188, 1),
(3584, 142, 3189, 1),
(3585, 142, 3190, 1),
(3586, 142, 3191, 1),
(3587, 142, 3192, 1),
(3588, 142, 3193, 1),
(3589, 142, 3194, 1),
(3590, 142, 3195, 1),
(3591, 142, 3196, 1),
(3592, 142, 3197, 1),
(3593, 142, 3198, 1),
(3594, 142, 3199, 1),
(3595, 142, 3200, 1),
(3596, 142, 3201, 1),
(3597, 142, 3202, 1),
(3598, 142, 3203, 1),
(3599, 142, 3204, 1),
(3600, 142, 3205, 1),
(3601, 142, 3206, 1),
(3602, 142, 3207, 1),
(3603, 142, 3208, 1),
(3604, 142, 3209, 1),
(3605, 142, 3210, 1),
(3606, 142, 3211, 1),
(3607, 142, 3212, 1),
(3608, 142, 3213, 1),
(3609, 142, 3214, 1),
(3610, 142, 3215, 1),
(3611, 142, 3216, 1),
(3612, 142, 3217, 1),
(3613, 142, 3218, 1),
(3614, 142, 3219, 1),
(3615, 142, 3220, 1),
(3616, 127, 3222, 1),
(3617, 142, 3221, 1),
(3618, 117, 3223, 1),
(3619, 142, 3224, 1),
(3620, 121, 3225, 1),
(3621, 142, 3226, 1),
(3622, 142, 3227, 1),
(3623, 142, 3228, 1),
(3624, 142, 3229, 1),
(3625, 142, 3230, 1),
(3626, 142, 3231, 1),
(3627, 142, 3232, 1),
(3628, 142, 3233, 1),
(3629, 142, 3234, 1),
(3630, 142, 3235, 1),
(3631, 142, 3236, 1),
(3632, 142, 3237, 1),
(3633, 142, 3238, 1),
(3634, 142, 3239, 1),
(3635, 142, 3240, 1),
(3636, 142, 3241, 1),
(3637, 142, 3242, 1),
(3638, 142, 3243, 1);
INSERT INTO `tag_x_message` (`tag_x_message_id`, `tag_id`, `message_id`, `from_mobile`) VALUES
(3639, 142, 3244, 1),
(3640, 142, 3245, 1),
(3641, 142, 3246, 1),
(3642, 142, 3247, 1),
(3643, 142, 3248, 1),
(3644, 142, 3249, 1),
(3645, 142, 3250, 1),
(3646, 142, 3251, 1),
(3647, 142, 3252, 1),
(3648, 142, 3253, 1),
(3649, 142, 3254, 1),
(3650, 142, 3255, 1),
(3651, 142, 3256, 1),
(3652, 142, 3257, 1),
(3653, 142, 3258, 1),
(3654, 142, 3259, 1),
(3655, 142, 3260, 1),
(3656, 142, 3261, 1),
(3657, 142, 3262, 1),
(3658, 142, 3263, 1),
(3659, 142, 3264, 1),
(3660, 142, 3265, 1),
(3661, 127, 3266, 1),
(3662, 117, 3267, 1),
(3663, 121, 3268, 1),
(3664, 142, 3269, 1),
(3665, 142, 3270, 1),
(3666, 142, 3271, 1),
(3667, 142, 3272, 1),
(3668, 142, 3273, 1),
(3669, 142, 3274, 1),
(3670, 142, 3275, 1),
(3671, 142, 3276, 1),
(3672, 142, 3277, 1),
(3673, 142, 3278, 1),
(3674, 142, 3279, 1),
(3675, 142, 3280, 1),
(3676, 142, 3281, 1),
(3677, 142, 3282, 1),
(3678, 142, 3283, 1),
(3679, 142, 3284, 1),
(3680, 142, 3285, 1),
(3681, 142, 3286, 1),
(3682, 142, 3287, 1),
(3683, 142, 3288, 1),
(3684, 142, 3289, 1),
(3685, 142, 3290, 1),
(3686, 142, 3291, 1),
(3687, 142, 3292, 1),
(3688, 142, 3293, 1),
(3689, 142, 3294, 1),
(3690, 142, 3295, 1),
(3691, 142, 3296, 1),
(3692, 142, 3297, 1),
(3693, 142, 3298, 1),
(3694, 142, 3299, 1),
(3695, 142, 3300, 1),
(3696, 142, 3301, 1),
(3697, 142, 3302, 1),
(3698, 127, 3304, 1),
(3699, 142, 3303, 1),
(3700, 117, 3305, 1),
(3701, 142, 3306, 1),
(3702, 121, 3307, 1),
(3703, 142, 3308, 1),
(3704, 142, 3309, 1),
(3705, 142, 3310, 1),
(3706, 142, 3311, 1),
(3707, 142, 3312, 1),
(3708, 142, 3313, 1),
(3709, 142, 3314, 1),
(3710, 142, 3315, 1),
(3711, 142, 3316, 1),
(3712, 142, 3317, 1),
(3713, 142, 3318, 1),
(3714, 142, 3319, 1),
(3715, 142, 3320, 1),
(3716, 142, 3321, 1),
(3717, 142, 3322, 1),
(3718, 142, 3323, 1),
(3719, 142, 3324, 1),
(3720, 142, 3325, 1),
(3721, 142, 3326, 1),
(3722, 142, 3327, 1),
(3723, 142, 3328, 1),
(3724, 142, 3329, 1),
(3725, 142, 3330, 1),
(3726, 142, 3331, 1),
(3727, 142, 3332, 1),
(3728, 142, 3333, 1),
(3729, 142, 3334, 1),
(3730, 142, 3335, 1),
(3731, 142, 3336, 1),
(3732, 142, 3337, 1),
(3733, 142, 3338, 1),
(3734, 142, 3339, 1),
(3735, 142, 3340, 1),
(3736, 142, 3341, 1),
(3737, 142, 3342, 1),
(3738, 142, 3343, 1),
(3739, 127, 3345, 1),
(3740, 142, 3344, 1),
(3741, 117, 3346, 1),
(3742, 142, 3347, 1),
(3743, 121, 3348, 1),
(3744, 142, 3349, 1),
(3745, 142, 3350, 1),
(3746, 142, 3351, 1),
(3747, 142, 3352, 1),
(3748, 142, 3353, 1),
(3749, 142, 3354, 1),
(3750, 142, 3355, 1),
(3751, 142, 3356, 1),
(3752, 142, 3357, 1),
(3753, 142, 3358, 1),
(3754, 142, 3359, 1),
(3755, 142, 3360, 1),
(3756, 142, 3361, 1),
(3757, 142, 3362, 1),
(3758, 142, 3363, 1),
(3759, 142, 3364, 1),
(3760, 142, 3365, 1),
(3761, 142, 3366, 1),
(3762, 142, 3367, 1),
(3763, 142, 3368, 1),
(3764, 142, 3369, 1),
(3765, 142, 3370, 1),
(3766, 142, 3371, 1),
(3767, 142, 3372, 1),
(3768, 142, 3373, 1),
(3769, 142, 3374, 1),
(3770, 142, 3375, 1),
(3771, 142, 3376, 1),
(3772, 142, 3377, 1),
(3773, 142, 3378, 1),
(3774, 142, 3379, 1),
(3775, 142, 3380, 1),
(3776, 142, 3381, 1),
(3777, 142, 3382, 1),
(3778, 142, 3383, 1),
(3779, 142, 3384, 1),
(3780, 142, 3385, 1),
(3781, 127, 3387, 1),
(3782, 142, 3386, 1),
(3783, 117, 3388, 1),
(3784, 142, 3389, 1),
(3785, 121, 3390, 1),
(3786, 142, 3391, 1),
(3787, 142, 3392, 1),
(3788, 142, 3393, 1),
(3789, 142, 3394, 1),
(3790, 142, 3395, 1),
(3791, 142, 3396, 1),
(3792, 142, 3397, 1),
(3793, 142, 3398, 1),
(3794, 142, 3399, 1),
(3795, 142, 3400, 1),
(3796, 142, 3401, 1),
(3797, 142, 3402, 1),
(3798, 142, 3403, 1),
(3799, 142, 3404, 1),
(3800, 142, 3405, 1),
(3801, 142, 3406, 1),
(3802, 142, 3407, 1),
(3803, 142, 3408, 1),
(3804, 142, 3409, 1),
(3805, 142, 3410, 1),
(3806, 142, 3411, 1),
(3807, 142, 3412, 1),
(3808, 142, 3413, 1),
(3809, 142, 3414, 1),
(3810, 142, 3415, 1),
(3811, 142, 3416, 1),
(3812, 142, 3417, 1),
(3813, 142, 3418, 1),
(3814, 142, 3419, 1),
(3815, 142, 3420, 1),
(3816, 142, 3421, 1),
(3817, 142, 3422, 1),
(3818, 142, 3423, 1),
(3819, 142, 3424, 1),
(3820, 142, 3425, 1),
(3821, 142, 3426, 1),
(3822, 127, 3427, 1),
(3823, 142, 3428, 1),
(3824, 142, 3429, 1),
(3825, 117, 3430, 1),
(3826, 142, 3431, 1),
(3827, 121, 3432, 1),
(3828, 142, 3433, 1),
(3829, 142, 3434, 1),
(3830, 142, 3435, 1),
(3831, 142, 3436, 1),
(3832, 142, 3437, 1),
(3833, 142, 3438, 1),
(3834, 142, 3439, 1),
(3835, 142, 3440, 1),
(3836, 142, 3441, 1),
(3837, 142, 3442, 1),
(3838, 142, 3443, 1),
(3839, 142, 3444, 1),
(3840, 142, 3445, 1),
(3841, 142, 3446, 1),
(3842, 142, 3447, 1),
(3843, 142, 3448, 1),
(3844, 142, 3449, 1),
(3845, 142, 3450, 1),
(3846, 142, 3451, 1),
(3847, 142, 3452, 1),
(3848, 142, 3453, 1),
(3849, 142, 3454, 1),
(3850, 142, 3455, 1),
(3851, 142, 3456, 1),
(3852, 142, 3457, 1),
(3853, 142, 3458, 1),
(3854, 142, 3459, 1),
(3855, 142, 3460, 1),
(3856, 142, 3461, 1),
(3857, 142, 3462, 1),
(3858, 142, 3463, 1),
(3859, 142, 3464, 1),
(3860, 142, 3465, 1),
(3861, 142, 3466, 1),
(3862, 142, 3467, 1),
(3863, 127, 3469, 1),
(3864, 142, 3468, 1),
(3865, 117, 3470, 1),
(3866, 142, 3471, 1),
(3867, 121, 3472, 1),
(3868, 142, 3473, 1),
(3869, 142, 3474, 1),
(3870, 142, 3475, 1),
(3871, 142, 3476, 1),
(3872, 142, 3477, 1),
(3873, 142, 3478, 1),
(3874, 142, 3479, 1),
(3875, 142, 3480, 1),
(3876, 142, 3481, 1),
(3877, 142, 3482, 1),
(3878, 142, 3483, 1),
(3879, 142, 3484, 1),
(3880, 142, 3485, 1),
(3881, 142, 3486, 1),
(3882, 142, 3487, 1),
(3883, 142, 3488, 1),
(3884, 142, 3489, 1),
(3885, 142, 3490, 1),
(3886, 142, 3491, 1),
(3887, 142, 3492, 1),
(3888, 142, 3493, 1),
(3889, 142, 3494, 1),
(3890, 142, 3495, 1),
(3891, 142, 3496, 1),
(3892, 142, 3497, 1),
(3893, 142, 3498, 1),
(3894, 142, 3499, 1),
(3895, 142, 3500, 1),
(3896, 142, 3501, 1),
(3897, 142, 3502, 1),
(3898, 142, 3503, 1),
(3899, 142, 3504, 1),
(3900, 142, 3505, 1),
(3901, 142, 3506, 1),
(3902, 142, 3507, 1),
(3903, 142, 3508, 1),
(3904, 142, 3509, 1),
(3905, 142, 3510, 1),
(3906, 142, 3511, 1),
(3907, 142, 3512, 1),
(3908, 142, 3513, 1),
(3909, 142, 3514, 1),
(3910, 142, 3515, 1),
(3911, 142, 3516, 1),
(3912, 142, 3517, 1),
(3913, 127, 3519, 1),
(3914, 117, 3520, 1),
(3915, 121, 3521, 1),
(3916, 142, 3522, 1),
(3917, 142, 3523, 1),
(3918, 142, 3524, 1),
(3919, 142, 3525, 1),
(3920, 142, 3526, 1),
(3921, 142, 3527, 1),
(3922, 142, 3528, 1),
(3923, 142, 3529, 1),
(3924, 142, 3530, 1),
(3925, 142, 3531, 1),
(3926, 142, 3532, 1),
(3927, 142, 3533, 1),
(3928, 142, 3534, 1),
(3929, 142, 3535, 1),
(3930, 142, 3536, 1),
(3931, 142, 3537, 1),
(3932, 142, 3538, 1),
(3933, 142, 3539, 1),
(3934, 142, 3540, 1),
(3935, 142, 3541, 1),
(3936, 142, 3542, 1),
(3937, 142, 3543, 1),
(3938, 142, 3544, 1),
(3939, 142, 3545, 1),
(3940, 142, 3546, 1),
(3941, 142, 3547, 1),
(3942, 142, 3548, 1),
(3943, 142, 3549, 1),
(3944, 142, 3550, 1),
(3945, 142, 3551, 1),
(3946, 142, 3552, 1),
(3947, 142, 3553, 1),
(3948, 142, 3554, 1),
(3949, 142, 3555, 1),
(3950, 142, 3556, 1),
(3951, 127, 3558, 1),
(3952, 142, 3557, 1),
(3953, 117, 3559, 1),
(3954, 142, 3560, 1),
(3955, 121, 3561, 1),
(3956, 142, 3562, 1),
(3957, 142, 3563, 1),
(3958, 142, 3565, 1),
(3959, 142, 3566, 1),
(3960, 142, 3567, 1),
(3961, 142, 3568, 1),
(3962, 142, 3569, 1),
(3963, 142, 3570, 1),
(3964, 142, 3571, 1),
(3965, 142, 3572, 1),
(3966, 142, 3573, 1),
(3967, 142, 3574, 1),
(3968, 142, 3575, 1),
(3969, 142, 3576, 1),
(3970, 142, 3577, 1),
(3971, 142, 3578, 1),
(3972, 142, 3579, 1),
(3973, 142, 3580, 1),
(3974, 142, 3581, 1),
(3975, 142, 3582, 1),
(3976, 142, 3583, 1),
(3977, 142, 3584, 1),
(3978, 142, 3585, 1),
(3979, 142, 3586, 1),
(3980, 142, 3587, 1),
(3981, 142, 3588, 1),
(3982, 142, 3589, 1),
(3983, 142, 3590, 1),
(3984, 142, 3591, 1),
(3985, 142, 3592, 1),
(3986, 142, 3593, 1),
(3987, 142, 3594, 1),
(3988, 142, 3595, 1),
(3989, 142, 3596, 1),
(3990, 127, 3598, 1),
(3991, 142, 3597, 1),
(3992, 117, 3599, 1),
(3993, 142, 3600, 1),
(3994, 121, 3601, 1),
(3995, 142, 3602, 1),
(3996, 142, 3603, 1),
(3997, 142, 3604, 1),
(3998, 142, 3605, 1),
(3999, 142, 3606, 1),
(4000, 142, 3607, 1),
(4001, 142, 3609, 1),
(4002, 142, 3610, 1),
(4003, 142, 3611, 1),
(4004, 142, 3612, 1),
(4005, 142, 3613, 1),
(4006, 142, 3614, 1),
(4007, 142, 3615, 1),
(4008, 142, 3616, 1),
(4009, 142, 3617, 1),
(4010, 142, 3618, 1),
(4011, 142, 3619, 1),
(4012, 142, 3620, 1),
(4013, 142, 3621, 1),
(4014, 142, 3622, 1),
(4015, 142, 3623, 1),
(4016, 142, 3624, 1),
(4017, 142, 3625, 1),
(4018, 142, 3626, 1),
(4019, 142, 3627, 1),
(4020, 142, 3628, 1),
(4021, 142, 3629, 1),
(4022, 142, 3630, 1),
(4023, 142, 3631, 1),
(4024, 142, 3632, 1),
(4025, 142, 3633, 1),
(4026, 142, 3634, 1),
(4027, 142, 3635, 1),
(4028, 142, 3636, 1),
(4029, 142, 3637, 1),
(4030, 142, 3638, 1),
(4031, 127, 3640, 1),
(4032, 142, 3639, 1),
(4033, 117, 3641, 1),
(4034, 142, 3642, 1),
(4035, 121, 3643, 1),
(4036, 142, 3644, 1),
(4037, 142, 3645, 1),
(4038, 142, 3646, 1),
(4039, 142, 3647, 1),
(4040, 142, 3648, 1),
(4041, 142, 3649, 1),
(4042, 142, 3650, 1),
(4043, 142, 3651, 1),
(4044, 142, 3652, 1),
(4045, 142, 3653, 1),
(4046, 142, 3654, 1),
(4047, 142, 3655, 1),
(4048, 142, 3656, 1),
(4049, 142, 3657, 1),
(4050, 142, 3658, 1),
(4051, 142, 3659, 1),
(4052, 142, 3660, 1),
(4053, 142, 3661, 1),
(4054, 142, 3662, 1),
(4055, 142, 3663, 1),
(4056, 142, 3664, 1),
(4057, 142, 3665, 1),
(4058, 142, 3666, 1),
(4059, 142, 3667, 1),
(4060, 142, 3668, 1),
(4061, 142, 3669, 1),
(4062, 142, 3670, 1),
(4063, 142, 3671, 1),
(4064, 142, 3672, 1),
(4065, 142, 3673, 1),
(4066, 142, 3674, 1),
(4067, 142, 3675, 1),
(4068, 142, 3676, 1),
(4069, 142, 3677, 1),
(4070, 142, 3678, 1),
(4071, 142, 3679, 1),
(4072, 142, 3680, 1),
(4073, 127, 3681, 1),
(4074, 142, 3682, 1),
(4075, 117, 3683, 1),
(4076, 142, 3684, 1),
(4077, 121, 3685, 1),
(4078, 142, 3686, 1),
(4079, 142, 3687, 1),
(4080, 142, 3688, 1),
(4081, 142, 3689, 1),
(4082, 142, 3690, 1),
(4083, 142, 3691, 1),
(4084, 142, 3692, 1),
(4085, 142, 3693, 1),
(4086, 142, 3694, 1),
(4087, 142, 3695, 1),
(4088, 142, 3696, 1),
(4089, 142, 3697, 1),
(4090, 142, 3698, 1),
(4091, 142, 3699, 1),
(4092, 142, 3700, 1),
(4093, 142, 3701, 1),
(4094, 142, 3702, 1),
(4095, 142, 3703, 1),
(4096, 142, 3704, 1),
(4097, 142, 3705, 1),
(4098, 142, 3706, 1),
(4099, 142, 3707, 1),
(4100, 142, 3708, 1),
(4101, 142, 3709, 1),
(4102, 142, 3710, 1),
(4103, 142, 3711, 1),
(4104, 142, 3712, 1),
(4105, 142, 3713, 1),
(4106, 142, 3714, 1),
(4107, 142, 3715, 1),
(4108, 142, 3716, 1),
(4109, 142, 3717, 1),
(4110, 142, 3718, 1),
(4111, 142, 3719, 1),
(4112, 142, 3720, 1),
(4113, 142, 3721, 1),
(4114, 127, 3723, 1),
(4115, 142, 3722, 1),
(4116, 142, 3724, 1),
(4117, 117, 3725, 1),
(4118, 142, 3726, 1),
(4119, 121, 3727, 1),
(4120, 142, 3728, 1),
(4121, 142, 3729, 1),
(4122, 142, 3730, 1),
(4123, 142, 3731, 1),
(4124, 142, 3732, 1),
(4125, 142, 3734, 1),
(4126, 142, 3735, 1),
(4127, 142, 3736, 1),
(4128, 142, 3737, 1),
(4129, 142, 3738, 1),
(4130, 142, 3739, 1),
(4131, 142, 3740, 1),
(4132, 142, 3741, 1),
(4133, 142, 3742, 1),
(4134, 142, 3743, 1),
(4135, 142, 3744, 1),
(4136, 142, 3745, 1),
(4137, 142, 3746, 1),
(4138, 142, 3747, 1),
(4139, 142, 3748, 1),
(4140, 142, 3749, 1),
(4141, 142, 3750, 1),
(4142, 142, 3751, 1),
(4143, 142, 3752, 1),
(4144, 142, 3753, 1),
(4145, 142, 3754, 1),
(4146, 142, 3755, 1),
(4147, 142, 3756, 1),
(4148, 142, 3757, 1),
(4149, 142, 3758, 1),
(4150, 142, 3759, 1),
(4151, 142, 3760, 1),
(4152, 142, 3761, 1),
(4153, 142, 3762, 1),
(4154, 142, 3763, 1),
(4155, 142, 3764, 1),
(4156, 142, 3765, 1),
(4157, 142, 3766, 1),
(4158, 142, 3767, 1),
(4159, 142, 3768, 1),
(4160, 142, 3769, 1),
(4161, 142, 3770, 1),
(4162, 142, 3771, 1),
(4163, 127, 3772, 1),
(4164, 117, 3773, 1),
(4165, 121, 3774, 1),
(4166, 142, 3775, 1),
(4167, 142, 3776, 1),
(4168, 142, 3777, 1),
(4169, 142, 3778, 1),
(4170, 142, 3779, 1),
(4171, 142, 3780, 1),
(4172, 142, 3781, 1),
(4173, 142, 3782, 1),
(4174, 142, 3783, 1),
(4175, 142, 3784, 1),
(4176, 142, 3785, 1),
(4177, 142, 3786, 1),
(4178, 142, 3787, 1),
(4179, 142, 3788, 1),
(4180, 142, 3789, 1),
(4181, 142, 3790, 1),
(4182, 142, 3791, 1),
(4183, 142, 3792, 1),
(4184, 142, 3793, 1),
(4185, 142, 3794, 1),
(4186, 142, 3795, 1),
(4187, 142, 3796, 1),
(4188, 142, 3797, 1),
(4189, 142, 3798, 1),
(4190, 142, 3799, 1),
(4191, 142, 3800, 1),
(4192, 142, 3801, 1),
(4193, 142, 3802, 1),
(4194, 142, 3803, 1),
(4195, 142, 3804, 1),
(4196, 142, 3805, 1),
(4197, 142, 3806, 1),
(4198, 142, 3807, 1),
(4199, 142, 3808, 1),
(4200, 142, 3809, 1),
(4201, 142, 3810, 1),
(4202, 142, 3811, 1),
(4203, 142, 3812, 1),
(4204, 127, 3813, 1),
(4205, 117, 3814, 1),
(4206, 121, 3815, 1),
(4207, 142, 3816, 1),
(4208, 142, 3817, 1),
(4209, 142, 3818, 1),
(4210, 142, 3819, 1),
(4211, 142, 3820, 1),
(4212, 142, 3821, 1),
(4213, 142, 3822, 1),
(4214, 142, 3823, 1),
(4215, 142, 3824, 1),
(4216, 142, 3825, 1),
(4217, 142, 3826, 1),
(4218, 142, 3827, 1),
(4219, 142, 3828, 1),
(4220, 142, 3829, 1),
(4221, 142, 3830, 1),
(4222, 142, 3831, 1),
(4223, 142, 3832, 1),
(4224, 142, 3833, 1),
(4225, 142, 3834, 1),
(4226, 142, 3835, 1),
(4227, 142, 3836, 1),
(4228, 142, 3837, 1),
(4229, 142, 3838, 1),
(4230, 142, 3839, 1),
(4231, 142, 3840, 1),
(4232, 142, 3841, 1),
(4233, 142, 3842, 1),
(4234, 142, 3843, 1),
(4235, 142, 3844, 1),
(4236, 142, 3845, 1),
(4237, 142, 3846, 1),
(4238, 142, 3847, 1),
(4239, 142, 3848, 1),
(4240, 142, 3849, 1),
(4241, 142, 3850, 1),
(4242, 142, 3851, 1),
(4243, 142, 3852, 1),
(4244, 142, 3853, 1),
(4245, 142, 3854, 1),
(4246, 127, 3856, 1),
(4247, 117, 3857, 1),
(4248, 121, 3858, 1),
(4249, 142, 3859, 1),
(4250, 142, 3860, 1),
(4251, 142, 3861, 1),
(4252, 142, 3862, 1),
(4253, 142, 3863, 1),
(4254, 142, 3864, 1),
(4255, 142, 3865, 1),
(4256, 142, 3866, 1),
(4257, 142, 3867, 1),
(4258, 142, 3868, 1),
(4259, 142, 3869, 1),
(4260, 142, 3870, 1),
(4261, 142, 3871, 1),
(4262, 142, 3872, 1),
(4263, 142, 3873, 1),
(4264, 142, 3874, 1),
(4265, 142, 3875, 1),
(4266, 142, 3876, 1),
(4267, 142, 3877, 1),
(4268, 142, 3878, 1),
(4269, 142, 3879, 1),
(4270, 142, 3880, 1),
(4271, 142, 3881, 1),
(4272, 142, 3882, 1),
(4273, 142, 3883, 1),
(4274, 142, 3884, 1),
(4275, 142, 3885, 1),
(4276, 142, 3886, 1),
(4277, 142, 3887, 1),
(4278, 142, 3888, 1),
(4279, 142, 3889, 1),
(4280, 142, 3890, 1),
(4281, 142, 3891, 1),
(4282, 142, 3892, 1),
(4283, 142, 3893, 1),
(4284, 142, 3894, 1),
(4285, 142, 3895, 1),
(4286, 142, 3896, 1),
(4287, 142, 3897, 1),
(4288, 127, 3898, 1),
(4289, 117, 3899, 1),
(4290, 121, 3900, 1),
(4291, 142, 3901, 1),
(4292, 142, 3902, 1),
(4293, 142, 3903, 1),
(4294, 142, 3904, 1),
(4295, 142, 3905, 1),
(4296, 142, 3906, 1),
(4297, 142, 3907, 1),
(4298, 142, 3908, 1),
(4299, 142, 3909, 1),
(4300, 142, 3910, 1),
(4301, 142, 3911, 1),
(4302, 142, 3912, 1),
(4303, 142, 3913, 1),
(4304, 142, 3914, 1),
(4305, 142, 3915, 1),
(4306, 142, 3916, 1),
(4307, 142, 3917, 1),
(4308, 142, 3918, 1),
(4309, 142, 3919, 1),
(4310, 142, 3920, 1),
(4311, 142, 3921, 1),
(4312, 142, 3922, 1),
(4313, 142, 3923, 1),
(4314, 142, 3924, 1),
(4315, 142, 3925, 1),
(4316, 142, 3926, 1),
(4317, 142, 3927, 1),
(4318, 142, 3928, 1),
(4319, 142, 3929, 1),
(4320, 142, 3930, 1),
(4321, 142, 3931, 1),
(4322, 142, 3932, 1),
(4323, 142, 3933, 1),
(4324, 142, 3934, 1),
(4325, 142, 3935, 1),
(4326, 127, 3936, 1),
(4327, 142, 3937, 1),
(4328, 117, 3938, 1),
(4329, 142, 3939, 1),
(4330, 121, 3940, 1),
(4331, 142, 3941, 1),
(4332, 142, 3942, 1),
(4333, 142, 3943, 1),
(4334, 142, 3944, 1),
(4335, 142, 3945, 1),
(4336, 142, 3946, 1),
(4337, 142, 3947, 1),
(4338, 142, 3948, 1),
(4339, 142, 3949, 1),
(4340, 142, 3950, 1),
(4341, 142, 3951, 1),
(4342, 142, 3952, 1),
(4343, 142, 3953, 1),
(4344, 142, 3954, 1),
(4345, 142, 3955, 1),
(4346, 142, 3956, 1),
(4347, 142, 3957, 1),
(4348, 142, 3958, 1),
(4349, 142, 3959, 1),
(4350, 142, 3960, 1),
(4351, 142, 3961, 1),
(4352, 142, 3962, 1),
(4353, 142, 3963, 1),
(4354, 142, 3964, 1),
(4355, 142, 3965, 1),
(4356, 142, 3966, 1),
(4357, 142, 3967, 1),
(4358, 142, 3968, 1),
(4359, 142, 3969, 1),
(4360, 142, 3970, 1),
(4361, 142, 3971, 1),
(4362, 142, 3972, 1),
(4363, 142, 3973, 1),
(4364, 142, 3974, 1),
(4365, 127, 3976, 1),
(4366, 142, 3975, 1),
(4367, 117, 3977, 1),
(4368, 142, 3978, 1),
(4369, 121, 3979, 1),
(4370, 142, 3980, 1),
(4371, 142, 3981, 1),
(4372, 142, 3982, 1),
(4373, 142, 3983, 1),
(4374, 142, 3984, 1),
(4375, 142, 3985, 1),
(4376, 142, 3987, 1),
(4377, 142, 3986, 1),
(4378, 142, 3988, 1),
(4379, 142, 3989, 1),
(4380, 142, 3990, 1),
(4381, 142, 3991, 1),
(4382, 142, 3992, 1),
(4383, 142, 3993, 1),
(4384, 142, 3994, 1),
(4385, 142, 3995, 1),
(4386, 142, 3996, 1),
(4387, 142, 3997, 1),
(4388, 142, 3998, 1),
(4389, 142, 3999, 1),
(4390, 142, 4000, 1),
(4391, 142, 4001, 1),
(4392, 142, 4002, 1),
(4393, 142, 4003, 1),
(4394, 142, 4004, 1),
(4395, 142, 4005, 1),
(4396, 142, 4006, 1),
(4397, 142, 4007, 1),
(4398, 142, 4008, 1),
(4399, 142, 4009, 1),
(4400, 142, 4010, 1),
(4401, 142, 4011, 1),
(4402, 142, 4012, 1),
(4403, 142, 4013, 1),
(4404, 142, 4014, 1),
(4405, 142, 4015, 1),
(4406, 142, 4016, 1),
(4407, 142, 4017, 1),
(4408, 127, 4019, 1),
(4409, 142, 4018, 1),
(4410, 117, 4021, 1),
(4411, 142, 4020, 1),
(4412, 142, 4022, 1),
(4413, 121, 4023, 1),
(4414, 142, 4024, 1),
(4415, 142, 4025, 1),
(4416, 142, 4026, 1),
(4417, 142, 4027, 1),
(4418, 142, 4028, 1),
(4419, 142, 4029, 1),
(4420, 142, 4030, 1),
(4421, 142, 4031, 1),
(4422, 142, 4032, 1),
(4423, 142, 4033, 1),
(4424, 142, 4034, 1),
(4425, 142, 4035, 1),
(4426, 142, 4036, 1),
(4427, 142, 4037, 1),
(4428, 142, 4038, 1),
(4429, 142, 4039, 1),
(4430, 142, 4040, 1),
(4431, 142, 4041, 1),
(4432, 142, 4042, 1),
(4433, 142, 4043, 1),
(4434, 142, 4044, 1),
(4435, 142, 4045, 1),
(4436, 142, 4046, 1),
(4437, 142, 4047, 1),
(4438, 142, 4048, 1),
(4439, 142, 4049, 1),
(4440, 142, 4050, 1),
(4441, 142, 4051, 1),
(4442, 142, 4052, 1),
(4443, 142, 4053, 1),
(4444, 142, 4054, 1),
(4445, 142, 4055, 1),
(4446, 142, 4056, 1),
(4447, 142, 4057, 1),
(4448, 142, 4058, 1),
(4449, 127, 4060, 1),
(4450, 142, 4059, 1),
(4451, 117, 4061, 1),
(4452, 142, 4062, 1),
(4453, 121, 4063, 1),
(4454, 142, 4064, 1),
(4455, 142, 4065, 1),
(4456, 142, 4066, 1),
(4457, 142, 4067, 1),
(4458, 142, 4068, 1),
(4459, 142, 4069, 1),
(4460, 142, 4071, 1),
(4461, 142, 4070, 1),
(4462, 142, 4073, 1),
(4463, 142, 4074, 1),
(4464, 142, 4075, 1),
(4465, 142, 4076, 1),
(4466, 142, 4077, 1),
(4467, 142, 4078, 1),
(4468, 142, 4079, 1),
(4469, 142, 4080, 1),
(4470, 142, 4081, 1),
(4471, 142, 4082, 1),
(4472, 142, 4083, 1),
(4473, 142, 4084, 1),
(4474, 142, 4085, 1),
(4475, 142, 4086, 1),
(4476, 142, 4087, 1),
(4477, 142, 4088, 1),
(4478, 142, 4089, 1),
(4479, 142, 4090, 1),
(4480, 142, 4091, 1),
(4481, 142, 4092, 1),
(4482, 142, 4093, 1),
(4483, 142, 4094, 1),
(4484, 142, 4095, 1),
(4485, 142, 4096, 1),
(4486, 142, 4097, 1),
(4487, 142, 4098, 1),
(4488, 142, 4099, 1),
(4489, 142, 4100, 1),
(4490, 142, 4101, 1),
(4491, 127, 4102, 1),
(4492, 142, 4103, 1),
(4493, 117, 4104, 1),
(4494, 142, 4105, 1),
(4495, 121, 4106, 1),
(4496, 142, 4107, 1),
(4497, 142, 4108, 1),
(4498, 142, 4109, 1),
(4499, 142, 4110, 1),
(4500, 142, 4111, 1),
(4501, 142, 4112, 1),
(4502, 142, 4114, 1),
(4503, 142, 4115, 1),
(4504, 142, 4116, 1),
(4505, 142, 4117, 1),
(4506, 142, 4118, 1),
(4507, 142, 4119, 1),
(4508, 142, 4120, 1),
(4509, 142, 4121, 1),
(4510, 142, 4122, 1),
(4511, 142, 4123, 1),
(4512, 142, 4124, 1),
(4513, 142, 4125, 1),
(4514, 142, 4126, 1),
(4515, 142, 4127, 1),
(4516, 142, 4128, 1),
(4517, 142, 4129, 1),
(4518, 142, 4130, 1),
(4519, 142, 4131, 1),
(4520, 142, 4132, 1),
(4521, 142, 4133, 1),
(4522, 142, 4134, 1),
(4523, 142, 4135, 1),
(4524, 142, 4136, 1),
(4525, 142, 4137, 1),
(4526, 142, 4138, 1),
(4527, 142, 4139, 1),
(4528, 142, 4140, 1),
(4529, 142, 4141, 1),
(4530, 142, 4142, 1),
(4531, 142, 4143, 1),
(4532, 142, 4144, 1),
(4533, 142, 4145, 1),
(4534, 142, 4146, 1),
(4535, 142, 4147, 1),
(4536, 142, 4148, 1),
(4537, 142, 4149, 1);

/*!40101 SET CHARACTER_SET_CLIENT=@OLD_CHARACTER_SET_CLIENT */;
/*!40101 SET CHARACTER_SET_RESULTS=@OLD_CHARACTER_SET_RESULTS */;
/*!40101 SET COLLATION_CONNECTION=@OLD_COLLATION_CONNECTION */;
